CellType,Ablation,Seed,Depth,N_Genes,SFARI_obs,SFARI_expected,SFARI_pct,Hypergeom_p
ALL_CELLS,CELLS_AS_NODES,0,50,3000,7,3.933333333333333,14.0,0.09345926979083738
ALL_CELLS,CELLS_AS_NODES,0,100,3000,13,7.866666666666666,13.0,0.047164952497838857
ALL_CELLS,CELLS_AS_NODES,0,150,3000,17,11.8,11.333333333333334,0.07679429937751911
ALL_CELLS,CELLS_AS_NODES,0,200,3000,22,15.733333333333333,11.0,0.06323108124767493
ALL_CELLS,CELLS_AS_NODES,0,250,3000,28,19.666666666666668,11.2,0.03159865409811371
ALL_CELLS,CELLS_AS_NODES,1,50,3000,7,3.933333333333333,14.0,0.09345926979083738
ALL_CELLS,CELLS_AS_NODES,1,100,3000,11,7.866666666666666,11.0,0.15893936689963062
ALL_CELLS,CELLS_AS_NODES,1,150,3000,17,11.8,11.333333333333334,0.07679429937751911
ALL_CELLS,CELLS_AS_NODES,1,200,3000,20,15.733333333333333,10.0,0.15286296157932072
ALL_CELLS,CELLS_AS_NODES,1,250,3000,24,19.666666666666668,9.6,0.17237735682329522
ALL_CELLS,CELLS_AS_NODES,2,50,3000,5,3.933333333333333,10.0,0.35723214322994407
ALL_CELLS,CELLS_AS_NODES,2,100,3000,13,7.866666666666666,13.0,0.047164952497838857
ALL_CELLS,CELLS_AS_NODES,2,150,3000,21,11.8,14.0,0.005872164750409431
ALL_CELLS,CELLS_AS_NODES,2,200,3000,25,15.733333333333333,12.5,0.011896442937545363
ALL_CELLS,CELLS_AS_NODES,2,250,3000,26,19.666666666666668,10.4,0.07983498529478755
ALL_CELLS,CELLS_AS_NODES,3,50,3000,5,3.933333333333333,10.0,0.35723214322994407
ALL_CELLS,CELLS_AS_NODES,3,100,3000,8,7.866666666666666,8.0,0.5353104877218285
ALL_CELLS,CELLS_AS_NODES,3,150,3000,14,11.8,9.333333333333334,0.288715242947171
ALL_CELLS,CELLS_AS_NODES,3,200,3000,22,15.733333333333333,11.0,0.06323108124767493
ALL_CELLS,CELLS_AS_NODES,3,250,3000,28,19.666666666666668,11.2,0.03159865409811371
ALL_CELLS,CELLS_AS_NODES,4,50,3000,6,3.933333333333333,12.0,0.19609520538505473
ALL_CELLS,CELLS_AS_NODES,4,100,3000,12,7.866666666666666,12.0,0.09009574346003232
ALL_CELLS,CELLS_AS_NODES,4,150,3000,18,11.8,12.0,0.04394898989781789
ALL_CELLS,CELLS_AS_NODES,4,200,3000,27,15.733333333333333,13.5,0.0031202727404795413
ALL_CELLS,CELLS_AS_NODES,4,250,3000,30,19.666666666666668,12.0,0.010706515027223275
ALL_CELLS,FULL,0,50,3000,16,3.933333333333333,32.0,5.6763321743078e-07
ALL_CELLS,FULL,0,100,3000,29,7.866666666666666,29.0,1.5243996795974055e-10
ALL_CELLS,FULL,0,150,3000,37,11.8,24.666666666666668,6.988045460093182e-11
ALL_CELLS,FULL,0,200,3000,45,15.733333333333333,22.5,1.3887171227192715e-11
ALL_CELLS,FULL,0,250,3000,51,19.666666666666668,20.4,2.4849385701701373e-11
ALL_CELLS,FULL,1,50,3000,15,3.933333333333333,30.0,3.2648947617132473e-06
ALL_CELLS,FULL,1,100,3000,27,7.866666666666666,27.0,4.025337297192062e-09
ALL_CELLS,FULL,1,150,3000,34,11.8,22.666666666666668,5.096902638168898e-09
ALL_CELLS,FULL,1,200,3000,36,15.733333333333333,18.0,9.574587036641045e-07
ALL_CELLS,FULL,1,250,3000,41,19.666666666666668,16.4,2.0127384229702505e-06
ALL_CELLS,FULL,2,50,3000,14,3.933333333333333,28.0,1.7080260291643517e-05
ALL_CELLS,FULL,2,100,3000,24,7.866666666666666,24.0,3.633391744159718e-07
ALL_CELLS,FULL,2,150,3000,30,11.8,20.0,8.607454137778511e-07
ALL_CELLS,FULL,2,200,3000,34,15.733333333333333,17.0,7.63206676949807e-06
ALL_CELLS,FULL,2,250,3000,40,19.666666666666668,16.0,5.227025926420846e-06
ALL_CELLS,FULL,3,50,3000,16,3.933333333333333,32.0,5.6763321743078e-07
ALL_CELLS,FULL,3,100,3000,26,7.866666666666666,26.0,1.9084789094129942e-08
ALL_CELLS,FULL,3,150,3000,32,11.8,21.333333333333332,7.222493894430371e-08
ALL_CELLS,FULL,3,200,3000,43,15.733333333333333,21.5,2.1088112577227102e-10
ALL_CELLS,FULL,3,250,3000,49,19.666666666666668,19.6,3.0507786729653803e-10
ALL_CELLS,FULL,4,50,3000,16,3.933333333333333,32.0,5.6763321743078e-07
ALL_CELLS,FULL,4,100,3000,27,7.866666666666666,27.0,4.025337297192062e-09
ALL_CELLS,FULL,4,150,3000,33,11.8,22.0,1.9599349080656305e-08
ALL_CELLS,FULL,4,200,3000,34,15.733333333333333,17.0,7.63206676949807e-06
ALL_CELLS,FULL,4,250,3000,40,19.666666666666668,16.0,5.227025926420846e-06
ALL_CELLS,NO_GRAPH,0,50,3000,3,3.933333333333333,6.0,0.7662941789876834
ALL_CELLS,NO_GRAPH,0,100,3000,10,7.866666666666666,10.0,0.25853246521379897
ALL_CELLS,NO_GRAPH,0,150,3000,20,11.8,13.333333333333334,0.012140063206685286
ALL_CELLS,NO_GRAPH,0,200,3000,30,15.733333333333333,15.0,0.0003033273940968507
ALL_CELLS,NO_GRAPH,0,250,3000,34,19.666666666666668,13.6,0.0007807649278678803
ALL_CELLS,NO_GRAPH,1,50,3000,4,3.933333333333333,8.0,0.562503570329014
ALL_CELLS,NO_GRAPH,1,100,3000,10,7.866666666666666,10.0,0.25853246521379897
ALL_CELLS,NO_GRAPH,1,150,3000,20,11.8,13.333333333333334,0.012140063206685286
ALL_CELLS,NO_GRAPH,1,200,3000,26,15.733333333333333,13.0,0.006228315559514265
ALL_CELLS,NO_GRAPH,1,250,3000,30,19.666666666666668,12.0,0.010706515027223275
ALL_CELLS,NO_GRAPH,2,50,3000,3,3.933333333333333,6.0,0.7662941789876834
ALL_CELLS,NO_GRAPH,2,100,3000,11,7.866666666666666,11.0,0.15893936689963062
ALL_CELLS,NO_GRAPH,2,150,3000,19,11.8,12.666666666666666,0.023755530567877516
ALL_CELLS,NO_GRAPH,2,200,3000,27,15.733333333333333,13.5,0.0031202727404795413
ALL_CELLS,NO_GRAPH,2,250,3000,35,19.666666666666668,14.0,0.00037011455940377764
ALL_CELLS,NO_GRAPH,3,50,3000,4,3.933333333333333,8.0,0.562503570329014
ALL_CELLS,NO_GRAPH,3,100,3000,8,7.866666666666666,8.0,0.5353104877218285
ALL_CELLS,NO_GRAPH,3,150,3000,20,11.8,13.333333333333334,0.012140063206685286
ALL_CELLS,NO_GRAPH,3,200,3000,25,15.733333333333333,12.5,0.011896442937545363
ALL_CELLS,NO_GRAPH,3,250,3000,30,19.666666666666668,12.0,0.010706515027223275
ALL_CELLS,NO_GRAPH,4,50,3000,3,3.933333333333333,6.0,0.7662941789876834
ALL_CELLS,NO_GRAPH,4,100,3000,7,7.866666666666666,7.0,0.6837160574534725
ALL_CELLS,NO_GRAPH,4,150,3000,18,11.8,12.0,0.04394898989781789
ALL_CELLS,NO_GRAPH,4,200,3000,23,15.733333333333333,11.5,0.03792783367225578
ALL_CELLS,NO_GRAPH,4,250,3000,26,19.666666666666668,10.4,0.07983498529478755
ALL_CELLS,MEAN_POOL,0,50,3000,13,3.933333333333333,26.0,8.102844115688371e-05
ALL_CELLS,MEAN_POOL,0,100,3000,21,7.866666666666666,21.0,1.9569774228175307e-05
ALL_CELLS,MEAN_POOL,0,150,3000,25,11.8,16.666666666666668,0.0001897660237071641
ALL_CELLS,MEAN_POOL,0,200,3000,32,15.733333333333333,16.0,5.211473508906164e-05
ALL_CELLS,MEAN_POOL,0,250,3000,45,19.666666666666668,18.0,3.190431448913896e-08
ALL_CELLS,MEAN_POOL,1,50,3000,12,3.933333333333333,24.0,0.0003473614956509665
ALL_CELLS,MEAN_POOL,1,100,3000,19,7.866666666666666,19.0,0.00020569082662641613
ALL_CELLS,MEAN_POOL,1,150,3000,24,11.8,16.0,0.00048330264654128033
ALL_CELLS,MEAN_POOL,1,200,3000,34,15.733333333333333,17.0,7.63206676949807e-06
ALL_CELLS,MEAN_POOL,1,250,3000,42,19.666666666666668,16.8,7.497908439331943e-07
ALL_CELLS,MEAN_POOL,2,50,3000,15,3.933333333333333,30.0,3.2648947617132473e-06
ALL_CELLS,MEAN_POOL,2,100,3000,19,7.866666666666666,19.0,0.00020569082662641613
ALL_CELLS,MEAN_POOL,2,150,3000,27,11.8,18.0,2.5251517474492438e-05
ALL_CELLS,MEAN_POOL,2,200,3000,37,15.733333333333333,18.5,3.2047181535619755e-07
ALL_CELLS,MEAN_POOL,2,250,3000,45,19.666666666666668,18.0,3.190431448913896e-08
ALL_CELLS,MEAN_POOL,3,50,3000,12,3.933333333333333,24.0,0.0003473614956509665
ALL_CELLS,MEAN_POOL,3,100,3000,21,7.866666666666666,21.0,1.9569774228175307e-05
ALL_CELLS,MEAN_POOL,3,150,3000,25,11.8,16.666666666666668,0.0001897660237071641
ALL_CELLS,MEAN_POOL,3,200,3000,34,15.733333333333333,17.0,7.63206676949807e-06
ALL_CELLS,MEAN_POOL,3,250,3000,43,19.666666666666668,17.2,2.70326757715377e-07
ALL_CELLS,MEAN_POOL,4,50,3000,13,3.933333333333333,26.0,8.102844115688371e-05
ALL_CELLS,MEAN_POOL,4,100,3000,21,7.866666666666666,21.0,1.9569774228175307e-05
ALL_CELLS,MEAN_POOL,4,150,3000,26,11.8,17.333333333333332,7.091872898727162e-05
ALL_CELLS,MEAN_POOL,4,200,3000,37,15.733333333333333,18.5,3.2047181535619755e-07
ALL_CELLS,MEAN_POOL,4,250,3000,44,19.666666666666668,17.6,9.436351220545566e-08
ALL_CELLS,NO_FILTER,0,50,3000,11,3.8333333333333335,22.0,0.001081988718625813
ALL_CELLS,NO_FILTER,0,100,3000,21,7.666666666666667,21.0,1.3077570497791407e-05
ALL_CELLS,NO_FILTER,0,150,3000,29,11.5,19.333333333333332,1.6179809787503978e-06
ALL_CELLS,NO_FILTER,0,200,3000,37,15.333333333333334,18.5,1.613930224722804e-07
ALL_CELLS,NO_FILTER,0,250,3000,44,19.166666666666668,17.6,4.2172539174049526e-08
ALL_CELLS,NO_FILTER,1,50,3000,11,3.8333333333333335,22.0,0.001081988718625813
ALL_CELLS,NO_FILTER,1,100,3000,20,7.666666666666667,20.0,4.506652037988265e-05
ALL_CELLS,NO_FILTER,1,150,3000,28,11.5,18.666666666666668,5.147231187238904e-06
ALL_CELLS,NO_FILTER,1,200,3000,31,15.333333333333334,15.5,7.80385568130874e-05
ALL_CELLS,NO_FILTER,1,250,3000,34,19.166666666666668,13.6,0.00048127952248466646
ALL_CELLS,NO_FILTER,2,50,3000,10,3.8333333333333335,20.0,0.0038447955318518085
ALL_CELLS,NO_FILTER,2,100,3000,22,7.666666666666667,22.0,3.5676634351109763e-06
ALL_CELLS,NO_FILTER,2,150,3000,30,11.5,20.0,4.858056342743985e-07
ALL_CELLS,NO_FILTER,2,200,3000,33,15.333333333333334,16.5,1.1627351188439546e-05
ALL_CELLS,NO_FILTER,2,250,3000,35,19.166666666666668,14.0,0.000221182756294469
ALL_CELLS,NO_FILTER,3,50,3000,10,3.8333333333333335,20.0,0.0038447955318518085
ALL_CELLS,NO_FILTER,3,100,3000,22,7.666666666666667,22.0,3.5676634351109763e-06
ALL_CELLS,NO_FILTER,3,150,3000,28,11.5,18.666666666666668,5.147231187238904e-06
ALL_CELLS,NO_FILTER,3,200,3000,35,15.333333333333334,17.5,1.478998442956967e-06
ALL_CELLS,NO_FILTER,3,250,3000,43,19.166666666666668,17.2,1.2489295220870864e-07
ALL_CELLS,NO_FILTER,4,50,3000,11,3.8333333333333335,22.0,0.001081988718625813
ALL_CELLS,NO_FILTER,4,100,3000,23,7.666666666666667,23.0,9.164059126215074e-07
ALL_CELLS,NO_FILTER,4,150,3000,30,11.5,20.0,4.858056342743985e-07
ALL_CELLS,NO_FILTER,4,200,3000,31,15.333333333333334,15.5,7.80385568130874e-05
ALL_CELLS,NO_FILTER,4,250,3000,33,19.166666666666668,13.2,0.001009613817763901
ALL_CELLS,WILCOXON_FAIR,0,50,3000,10,3.933333333333333,20.0,0.004632335811373249
ALL_CELLS,WILCOXON_FAIR,0,100,3000,18,7.866666666666666,18.0,0.0006055291339257558
ALL_CELLS,WILCOXON_FAIR,0,150,3000,22,11.8,14.666666666666666,0.002691490879401459
ALL_CELLS,WILCOXON_FAIR,0,200,3000,30,15.733333333333333,15.0,0.0003033273940968507
ALL_CELLS,WILCOXON_FAIR,0,250,3000,34,19.666666666666668,13.6,0.0007807649278678803
ALL_CELLS,WILCOXON_FAIR,1,50,3000,10,3.933333333333333,20.0,0.004632335811373249
ALL_CELLS,WILCOXON_FAIR,1,100,3000,18,7.866666666666666,18.0,0.0006055291339257558
ALL_CELLS,WILCOXON_FAIR,1,150,3000,22,11.8,14.666666666666666,0.002691490879401459
ALL_CELLS,WILCOXON_FAIR,1,200,3000,30,15.733333333333333,15.0,0.0003033273940968507
ALL_CELLS,WILCOXON_FAIR,1,250,3000,34,19.666666666666668,13.6,0.0007807649278678803
ALL_CELLS,WILCOXON_FAIR,2,50,3000,10,3.933333333333333,20.0,0.004632335811373249
ALL_CELLS,WILCOXON_FAIR,2,100,3000,18,7.866666666666666,18.0,0.0006055291339257558
ALL_CELLS,WILCOXON_FAIR,2,150,3000,22,11.8,14.666666666666666,0.002691490879401459
ALL_CELLS,WILCOXON_FAIR,2,200,3000,30,15.733333333333333,15.0,0.0003033273940968507
ALL_CELLS,WILCOXON_FAIR,2,250,3000,34,19.666666666666668,13.6,0.0007807649278678803
ALL_CELLS,WILCOXON_FAIR,3,50,3000,10,3.933333333333333,20.0,0.004632335811373249
ALL_CELLS,WILCOXON_FAIR,3,100,3000,18,7.866666666666666,18.0,0.0006055291339257558
ALL_CELLS,WILCOXON_FAIR,3,150,3000,22,11.8,14.666666666666666,0.002691490879401459
ALL_CELLS,WILCOXON_FAIR,3,200,3000,30,15.733333333333333,15.0,0.0003033273940968507
ALL_CELLS,WILCOXON_FAIR,3,250,3000,34,19.666666666666668,13.6,0.0007807649278678803
ALL_CELLS,WILCOXON_FAIR,4,50,3000,10,3.933333333333333,20.0,0.004632335811373249
ALL_CELLS,WILCOXON_FAIR,4,100,3000,18,7.866666666666666,18.0,0.0006055291339257558
ALL_CELLS,WILCOXON_FAIR,4,150,3000,22,11.8,14.666666666666666,0.002691490879401459
ALL_CELLS,WILCOXON_FAIR,4,200,3000,30,15.733333333333333,15.0,0.0003033273940968507
ALL_CELLS,WILCOXON_FAIR,4,250,3000,34,19.666666666666668,13.6,0.0007807649278678803
AST-FB,CELLS_AS_NODES,0,50,3000,6,7.566666666666666,12.0,0.7903711374437355
AST-FB,CELLS_AS_NODES,0,100,3000,14,15.133333333333333,14.0,0.6694923124565388
AST-FB,CELLS_AS_NODES,0,150,3000,17,22.7,11.333333333333334,0.9307674853999144
AST-FB,CELLS_AS_NODES,0,200,3000,22,30.266666666666666,11.0,0.9674338451656496
AST-FB,CELLS_AS_NODES,0,250,3000,29,37.833333333333336,11.6,0.9608732096752072
AST-FB,CELLS_AS_NODES,1,50,3000,5,7.566666666666666,10.0,0.8945508187592306
AST-FB,CELLS_AS_NODES,1,100,3000,15,15.133333333333333,15.0,0.5593578030511006
AST-FB,CELLS_AS_NODES,1,150,3000,19,22.7,12.666666666666666,0.8368551407605762
AST-FB,CELLS_AS_NODES,1,200,3000,22,30.266666666666666,11.0,0.9674338451656496
AST-FB,CELLS_AS_NODES,1,250,3000,30,37.833333333333336,12.0,0.9410829323642416
AST-FB,CELLS_AS_NODES,2,50,3000,5,7.566666666666666,10.0,0.8945508187592306
AST-FB,CELLS_AS_NODES,2,100,3000,15,15.133333333333333,15.0,0.5593578030511006
AST-FB,CELLS_AS_NODES,2,150,3000,18,22.7,12.0,0.8905926436676773
AST-FB,CELLS_AS_NODES,2,200,3000,23,30.266666666666666,11.5,0.9476850532013861
AST-FB,CELLS_AS_NODES,2,250,3000,30,37.833333333333336,12.0,0.9410829323642416
AST-FB,CELLS_AS_NODES,3,50,3000,6,7.566666666666666,12.0,0.7903711374437355
AST-FB,CELLS_AS_NODES,3,100,3000,14,15.133333333333333,14.0,0.6694923124565388
AST-FB,CELLS_AS_NODES,3,150,3000,19,22.7,12.666666666666666,0.8368551407605762
AST-FB,CELLS_AS_NODES,3,200,3000,24,30.266666666666666,12.0,0.9198141279002314
AST-FB,CELLS_AS_NODES,3,250,3000,32,37.833333333333336,12.8,0.8799993946799525
AST-FB,CELLS_AS_NODES,4,50,3000,5,7.566666666666666,10.0,0.8945508187592306
AST-FB,CELLS_AS_NODES,4,100,3000,13,15.133333333333333,13.0,0.7683541599797566
AST-FB,CELLS_AS_NODES,4,150,3000,18,22.7,12.0,0.8905926436676773
AST-FB,CELLS_AS_NODES,4,200,3000,23,30.266666666666666,11.5,0.9476850532013861
AST-FB,CELLS_AS_NODES,4,250,3000,28,37.833333333333336,11.2,0.9749826654093764
AST-FB,FULL,0,50,3000,13,7.566666666666666,26.0,0.030886731860442364
AST-FB,FULL,0,100,3000,18,15.133333333333333,18.0,0.24555233754903683
AST-FB,FULL,0,150,3000,24,22.7,16.0,0.41662600739988404
AST-FB,FULL,0,200,3000,34,30.266666666666666,17.0,0.2508251952938446
AST-FB,FULL,0,250,3000,44,37.833333333333336,17.6,0.14835847725329157
AST-FB,FULL,1,50,3000,13,7.566666666666666,26.0,0.030886731860442364
AST-FB,FULL,1,100,3000,20,15.133333333333333,20.0,0.1100413091138082
AST-FB,FULL,1,150,3000,25,22.7,16.666666666666668,0.32972577166931766
AST-FB,FULL,1,200,3000,37,30.266666666666666,18.5,0.103446939514193
AST-FB,FULL,1,250,3000,48,37.833333333333336,19.2,0.04025094768518044
AST-FB,FULL,2,50,3000,11,7.566666666666666,22.0,0.12370672982610104
AST-FB,FULL,2,100,3000,15,15.133333333333333,15.0,0.5593578030511006
AST-FB,FULL,2,150,3000,26,22.7,17.333333333333332,0.251935523476305
AST-FB,FULL,2,200,3000,38,30.266666666666666,19.0,0.07266875941842912
AST-FB,FULL,2,250,3000,47,37.833333333333336,18.8,0.0578482418064856
AST-FB,FULL,3,50,3000,8,7.566666666666666,16.0,0.49240119000442006
AST-FB,FULL,3,100,3000,15,15.133333333333333,15.0,0.5593578030511006
AST-FB,FULL,3,150,3000,23,22.7,15.333333333333334,0.5088335761601605
AST-FB,FULL,3,200,3000,38,30.266666666666666,19.0,0.07266875941842912
AST-FB,FULL,3,250,3000,49,37.833333333333336,19.6,0.027328716833392584
AST-FB,FULL,4,50,3000,7,7.566666666666666,14.0,0.6501532809969215
AST-FB,FULL,4,100,3000,15,15.133333333333333,15.0,0.5593578030511006
AST-FB,FULL,4,150,3000,25,22.7,16.666666666666668,0.32972577166931766
AST-FB,FULL,4,200,3000,37,30.266666666666666,18.5,0.103446939514193
AST-FB,FULL,4,250,3000,48,37.833333333333336,19.2,0.04025094768518044
AST-FB,NO_GRAPH,0,50,3000,9,7.566666666666666,18.0,0.3410357276957709
AST-FB,NO_GRAPH,0,100,3000,13,15.133333333333333,13.0,0.7683541599797566
AST-FB,NO_GRAPH,0,150,3000,28,22.7,18.666666666666668,0.13195230918131176
AST-FB,NO_GRAPH,0,200,3000,36,30.266666666666666,18.0,0.14303357326993452
AST-FB,NO_GRAPH,0,250,3000,41,37.833333333333336,16.4,0.3068014699145314
AST-FB,NO_GRAPH,1,50,3000,8,7.566666666666666,16.0,0.49240119000442006
AST-FB,NO_GRAPH,1,100,3000,15,15.133333333333333,15.0,0.5593578030511006
AST-FB,NO_GRAPH,1,150,3000,27,22.7,18.0,0.18569176340277532
AST-FB,NO_GRAPH,1,200,3000,36,30.266666666666666,18.0,0.14303357326993452
AST-FB,NO_GRAPH,1,250,3000,48,37.833333333333336,19.2,0.04025094768518044
AST-FB,NO_GRAPH,2,50,3000,10,7.566666666666666,20.0,0.21527046533313546
AST-FB,NO_GRAPH,2,100,3000,13,15.133333333333333,13.0,0.7683541599797566
AST-FB,NO_GRAPH,2,150,3000,27,22.7,18.0,0.18569176340277532
AST-FB,NO_GRAPH,2,200,3000,34,30.266666666666666,17.0,0.2508251952938446
AST-FB,NO_GRAPH,2,250,3000,43,37.833333333333336,17.2,0.19351416687162049
AST-FB,NO_GRAPH,3,50,3000,8,7.566666666666666,16.0,0.49240119000442006
AST-FB,NO_GRAPH,3,100,3000,15,15.133333333333333,15.0,0.5593578030511006
AST-FB,NO_GRAPH,3,150,3000,26,22.7,17.333333333333332,0.251935523476305
AST-FB,NO_GRAPH,3,200,3000,37,30.266666666666666,18.5,0.103446939514193
AST-FB,NO_GRAPH,3,250,3000,43,37.833333333333336,17.2,0.19351416687162049
AST-FB,NO_GRAPH,4,50,3000,12,7.566666666666666,24.0,0.0647383161986242
AST-FB,NO_GRAPH,4,100,3000,15,15.133333333333333,15.0,0.5593578030511006
AST-FB,NO_GRAPH,4,150,3000,28,22.7,18.666666666666668,0.13195230918131176
AST-FB,NO_GRAPH,4,200,3000,38,30.266666666666666,19.0,0.07266875941842912
AST-FB,NO_GRAPH,4,250,3000,48,37.833333333333336,19.2,0.04025094768518044
AST-FB,MEAN_POOL,0,50,3000,11,7.566666666666666,22.0,0.12370672982610104
AST-FB,MEAN_POOL,0,100,3000,19,15.133333333333333,19.0,0.16870417722399847
AST-FB,MEAN_POOL,0,150,3000,24,22.7,16.0,0.41662600739988404
AST-FB,MEAN_POOL,0,200,3000,27,30.266666666666666,13.5,0.7766104758883742
AST-FB,MEAN_POOL,0,250,3000,29,37.833333333333336,11.6,0.9608732096752072
AST-FB,MEAN_POOL,1,50,3000,13,7.566666666666666,26.0,0.030886731860442364
AST-FB,MEAN_POOL,1,100,3000,21,15.133333333333333,21.0,0.06813161410442957
AST-FB,MEAN_POOL,1,150,3000,25,22.7,16.666666666666668,0.32972577166931766
AST-FB,MEAN_POOL,1,200,3000,29,30.266666666666666,14.5,0.6340356893990389
AST-FB,MEAN_POOL,1,250,3000,30,37.833333333333336,12.0,0.9410829323642416
AST-FB,MEAN_POOL,2,50,3000,10,7.566666666666666,20.0,0.21527046533313546
AST-FB,MEAN_POOL,2,100,3000,18,15.133333333333333,18.0,0.24555233754903683
AST-FB,MEAN_POOL,2,150,3000,23,22.7,15.333333333333334,0.5088335761601605
AST-FB,MEAN_POOL,2,200,3000,26,30.266666666666666,13.0,0.834708211392361
AST-FB,MEAN_POOL,2,250,3000,31,37.833333333333336,12.4,0.9144449014609393
AST-FB,MEAN_POOL,3,50,3000,11,7.566666666666666,22.0,0.12370672982610104
AST-FB,MEAN_POOL,3,100,3000,18,15.133333333333333,18.0,0.24555233754903683
AST-FB,MEAN_POOL,3,150,3000,23,22.7,15.333333333333334,0.5088335761601605
AST-FB,MEAN_POOL,3,200,3000,25,30.266666666666666,12.5,0.8824338663241206
AST-FB,MEAN_POOL,3,250,3000,30,37.833333333333336,12.0,0.9410829323642416
AST-FB,MEAN_POOL,4,50,3000,11,7.566666666666666,22.0,0.12370672982610104
AST-FB,MEAN_POOL,4,100,3000,19,15.133333333333333,19.0,0.16870417722399847
AST-FB,MEAN_POOL,4,150,3000,22,22.7,14.666666666666666,0.6016097716013429
AST-FB,MEAN_POOL,4,200,3000,26,30.266666666666666,13.0,0.834708211392361
AST-FB,MEAN_POOL,4,250,3000,31,37.833333333333336,12.4,0.9144449014609393
AST-FB,NO_FILTER,0,50,3000,11,6.883333333333334,22.0,0.07321029834388398
AST-FB,NO_FILTER,0,100,3000,16,13.766666666666667,16.0,0.29598130433044356
AST-FB,NO_FILTER,0,150,3000,21,20.65,14.0,0.5039293606039951
AST-FB,NO_FILTER,0,200,3000,28,27.533333333333335,14.0,0.4939066968007077
AST-FB,NO_FILTER,0,250,3000,37,34.416666666666664,14.8,0.33889077618024355
AST-FB,NO_FILTER,1,50,3000,10,6.883333333333334,20.0,0.1401957037630407
AST-FB,NO_FILTER,1,100,3000,17,13.766666666666667,17.0,0.20640217136960815
AST-FB,NO_FILTER,1,150,3000,22,20.65,14.666666666666666,0.4083157954997938
AST-FB,NO_FILTER,1,200,3000,31,27.533333333333335,15.5,0.2599420435109783
AST-FB,NO_FILTER,1,250,3000,34,34.416666666666664,13.6,0.562311088615
AST-FB,NO_FILTER,2,50,3000,11,6.883333333333334,22.0,0.07321029834388398
AST-FB,NO_FILTER,2,100,3000,16,13.766666666666667,16.0,0.29598130433044356
AST-FB,NO_FILTER,2,150,3000,24,20.65,16.0,0.23988465096567016
AST-FB,NO_FILTER,2,200,3000,29,27.533333333333335,14.5,0.4103788319799273
AST-FB,NO_FILTER,2,250,3000,37,34.416666666666664,14.8,0.33889077618024355
AST-FB,NO_FILTER,3,50,3000,8,6.883333333333334,16.0,0.381949691580408
AST-FB,NO_FILTER,3,100,3000,14,13.766666666666667,14.0,0.5180078214585748
AST-FB,NO_FILTER,3,150,3000,20,20.65,13.333333333333334,0.6005310635507302
AST-FB,NO_FILTER,3,200,3000,30,27.533333333333335,15.0,0.3314336503112813
AST-FB,NO_FILTER,3,250,3000,35,34.416666666666664,14.0,0.48590604129585413
AST-FB,NO_FILTER,4,50,3000,9,6.883333333333334,18.0,0.24319729009640959
AST-FB,NO_FILTER,4,100,3000,14,13.766666666666667,14.0,0.5180078214585748
AST-FB,NO_FILTER,4,150,3000,24,20.65,16.0,0.23988465096567016
AST-FB,NO_FILTER,4,200,3000,30,27.533333333333335,15.0,0.3314336503112813
AST-FB,NO_FILTER,4,250,3000,37,34.416666666666664,14.8,0.33889077618024355
AST-FB,WILCOXON_FAIR,0,50,3000,11,7.566666666666666,22.0,0.12370672982610104
AST-FB,WILCOXON_FAIR,0,100,3000,18,15.133333333333333,18.0,0.24555233754903683
AST-FB,WILCOXON_FAIR,0,150,3000,27,22.7,18.0,0.18569176340277532
AST-FB,WILCOXON_FAIR,0,200,3000,33,30.266666666666666,16.5,0.31837470984957483
AST-FB,WILCOXON_FAIR,0,250,3000,44,37.833333333333336,17.6,0.14835847725329157
AST-FB,WILCOXON_FAIR,1,50,3000,11,7.566666666666666,22.0,0.12370672982610104
AST-FB,WILCOXON_FAIR,1,100,3000,18,15.133333333333333,18.0,0.24555233754903683
AST-FB,WILCOXON_FAIR,1,150,3000,27,22.7,18.0,0.18569176340277532
AST-FB,WILCOXON_FAIR,1,200,3000,33,30.266666666666666,16.5,0.31837470984957483
AST-FB,WILCOXON_FAIR,1,250,3000,44,37.833333333333336,17.6,0.14835847725329157
AST-FB,WILCOXON_FAIR,2,50,3000,11,7.566666666666666,22.0,0.12370672982610104
AST-FB,WILCOXON_FAIR,2,100,3000,18,15.133333333333333,18.0,0.24555233754903683
AST-FB,WILCOXON_FAIR,2,150,3000,27,22.7,18.0,0.18569176340277532
AST-FB,WILCOXON_FAIR,2,200,3000,33,30.266666666666666,16.5,0.31837470984957483
AST-FB,WILCOXON_FAIR,2,250,3000,44,37.833333333333336,17.6,0.14835847725329157
AST-FB,WILCOXON_FAIR,3,50,3000,11,7.566666666666666,22.0,0.12370672982610104
AST-FB,WILCOXON_FAIR,3,100,3000,18,15.133333333333333,18.0,0.24555233754903683
AST-FB,WILCOXON_FAIR,3,150,3000,27,22.7,18.0,0.18569176340277532
AST-FB,WILCOXON_FAIR,3,200,3000,33,30.266666666666666,16.5,0.31837470984957483
AST-FB,WILCOXON_FAIR,3,250,3000,44,37.833333333333336,17.6,0.14835847725329157
AST-FB,WILCOXON_FAIR,4,50,3000,11,7.566666666666666,22.0,0.12370672982610104
AST-FB,WILCOXON_FAIR,4,100,3000,18,15.133333333333333,18.0,0.24555233754903683
AST-FB,WILCOXON_FAIR,4,150,3000,27,22.7,18.0,0.18569176340277532
AST-FB,WILCOXON_FAIR,4,200,3000,33,30.266666666666666,16.5,0.31837470984957483
AST-FB,WILCOXON_FAIR,4,250,3000,44,37.833333333333336,17.6,0.14835847725329157
AST-PP,CELLS_AS_NODES,0,50,3000,8,5.883333333333334,16.0,0.22877513596688764
AST-PP,CELLS_AS_NODES,0,100,3000,21,11.766666666666667,21.0,0.005066832549940825
AST-PP,CELLS_AS_NODES,0,150,3000,28,17.65,18.666666666666668,0.007564742866342636
AST-PP,CELLS_AS_NODES,0,200,3000,35,23.533333333333335,17.5,0.00856094180932994
AST-PP,CELLS_AS_NODES,0,250,3000,40,29.416666666666668,16.0,0.02240474607288743
AST-PP,CELLS_AS_NODES,1,50,3000,8,5.883333333333334,16.0,0.22877513596688764
AST-PP,CELLS_AS_NODES,1,100,3000,20,11.766666666666667,20.0,0.010762721700804728
AST-PP,CELLS_AS_NODES,1,150,3000,29,17.65,19.333333333333332,0.003922105722634037
AST-PP,CELLS_AS_NODES,1,200,3000,34,23.533333333333335,17.0,0.01469875404722299
AST-PP,CELLS_AS_NODES,1,250,3000,42,29.416666666666668,16.8,0.008569580482555744
AST-PP,CELLS_AS_NODES,2,50,3000,7,5.883333333333334,14.0,0.3732015091970429
AST-PP,CELLS_AS_NODES,2,100,3000,19,11.766666666666667,19.0,0.02157173142230072
AST-PP,CELLS_AS_NODES,2,150,3000,28,17.65,18.666666666666668,0.007564742866342636
AST-PP,CELLS_AS_NODES,2,200,3000,32,23.533333333333335,16.0,0.03909010959926692
AST-PP,CELLS_AS_NODES,2,250,3000,39,29.416666666666668,15.6,0.034685196066210254
AST-PP,CELLS_AS_NODES,3,50,3000,8,5.883333333333334,16.0,0.22877513596688764
AST-PP,CELLS_AS_NODES,3,100,3000,21,11.766666666666667,21.0,0.005066832549940825
AST-PP,CELLS_AS_NODES,3,150,3000,29,17.65,19.333333333333332,0.003922105722634037
AST-PP,CELLS_AS_NODES,3,200,3000,34,23.533333333333335,17.0,0.01469875404722299
AST-PP,CELLS_AS_NODES,3,250,3000,41,29.416666666666668,16.4,0.014058121802702656
AST-PP,CELLS_AS_NODES,4,50,3000,8,5.883333333333334,16.0,0.22877513596688764
AST-PP,CELLS_AS_NODES,4,100,3000,21,11.766666666666667,21.0,0.005066832549940825
AST-PP,CELLS_AS_NODES,4,150,3000,31,17.65,20.666666666666668,0.0009308608277847711
AST-PP,CELLS_AS_NODES,4,200,3000,37,23.533333333333335,18.5,0.0026232567201423408
AST-PP,CELLS_AS_NODES,4,250,3000,41,29.416666666666668,16.4,0.014058121802702656
AST-PP,FULL,0,50,3000,7,5.883333333333334,14.0,0.3732015091970429
AST-PP,FULL,0,100,3000,8,11.766666666666667,8.0,0.9172201664296271
AST-PP,FULL,0,150,3000,12,17.65,8.0,0.9512125458087196
AST-PP,FULL,0,200,3000,17,23.533333333333335,8.5,0.9499697197640569
AST-PP,FULL,0,250,3000,24,29.416666666666668,9.6,0.8897448308625013
AST-PP,FULL,1,50,3000,5,5.883333333333334,10.0,0.7175915562829853
AST-PP,FULL,1,100,3000,7,11.766666666666667,7.0,0.9599931809058607
AST-PP,FULL,1,150,3000,13,17.65,8.666666666666666,0.9143638440143398
AST-PP,FULL,1,200,3000,21,23.533333333333335,10.5,0.750347813021
AST-PP,FULL,1,250,3000,30,29.416666666666668,12.0,0.4844696528769235
AST-PP,FULL,2,50,3000,4,5.883333333333334,8.0,0.8569492893026757
AST-PP,FULL,2,100,3000,8,11.766666666666667,8.0,0.9172201664296271
AST-PP,FULL,2,150,3000,13,17.65,8.666666666666666,0.9143638440143398
AST-PP,FULL,2,200,3000,21,23.533333333333335,10.5,0.750347813021
AST-PP,FULL,2,250,3000,26,29.416666666666668,10.4,0.7867627522852727
AST-PP,FULL,3,50,3000,7,5.883333333333334,14.0,0.3732015091970429
AST-PP,FULL,3,100,3000,8,11.766666666666667,8.0,0.9172201664296271
AST-PP,FULL,3,150,3000,12,17.65,8.0,0.9512125458087196
AST-PP,FULL,3,200,3000,19,23.533333333333335,9.5,0.8755383689117301
AST-PP,FULL,3,250,3000,31,29.416666666666668,12.4,0.40411396241527536
AST-PP,FULL,4,50,3000,5,5.883333333333334,10.0,0.7175915562829853
AST-PP,FULL,4,100,3000,7,11.766666666666667,7.0,0.9599931809058607
AST-PP,FULL,4,150,3000,13,17.65,8.666666666666666,0.9143638440143398
AST-PP,FULL,4,200,3000,20,23.533333333333335,10.0,0.8192793563277214
AST-PP,FULL,4,250,3000,28,29.416666666666668,11.2,0.6458538863387069
AST-PP,NO_GRAPH,0,50,3000,2,5.883333333333334,4.0,0.9858926085558692
AST-PP,NO_GRAPH,0,100,3000,5,11.766666666666667,5.0,0.9942996896959791
AST-PP,NO_GRAPH,0,150,3000,15,17.65,10.0,0.7908070620266464
AST-PP,NO_GRAPH,0,200,3000,24,23.533333333333335,12.0,0.49295022942778277
AST-PP,NO_GRAPH,0,250,3000,33,29.416666666666668,13.2,0.2594244827181057
AST-PP,NO_GRAPH,1,50,3000,2,5.883333333333334,4.0,0.9858926085558692
AST-PP,NO_GRAPH,1,100,3000,5,11.766666666666667,5.0,0.9942996896959791
AST-PP,NO_GRAPH,1,150,3000,14,17.65,9.333333333333334,0.8612217597654913
AST-PP,NO_GRAPH,1,200,3000,21,23.533333333333335,10.5,0.750347813021
AST-PP,NO_GRAPH,1,250,3000,26,29.416666666666668,10.4,0.7867627522852727
AST-PP,NO_GRAPH,2,50,3000,3,5.883333333333334,6.0,0.9450877606909346
AST-PP,NO_GRAPH,2,100,3000,5,11.766666666666667,5.0,0.9942996896959791
AST-PP,NO_GRAPH,2,150,3000,13,17.65,8.666666666666666,0.9143638440143398
AST-PP,NO_GRAPH,2,200,3000,21,23.533333333333335,10.5,0.750347813021
AST-PP,NO_GRAPH,2,250,3000,29,29.416666666666668,11.6,0.5661787448621853
AST-PP,NO_GRAPH,3,50,3000,4,5.883333333333334,8.0,0.8569492893026757
AST-PP,NO_GRAPH,3,100,3000,6,11.766666666666667,6.0,0.9834371674410899
AST-PP,NO_GRAPH,3,150,3000,15,17.65,10.0,0.7908070620266464
AST-PP,NO_GRAPH,3,200,3000,25,23.533333333333335,12.5,0.40385713150224123
AST-PP,NO_GRAPH,3,250,3000,31,29.416666666666668,12.4,0.40411396241527536
AST-PP,NO_GRAPH,4,50,3000,3,5.883333333333334,6.0,0.9450877606909346
AST-PP,NO_GRAPH,4,100,3000,6,11.766666666666667,6.0,0.9834371674410899
AST-PP,NO_GRAPH,4,150,3000,17,17.65,11.333333333333334,0.6068746988521294
AST-PP,NO_GRAPH,4,200,3000,28,23.533333333333335,14.0,0.18238328778548968
AST-PP,NO_GRAPH,4,250,3000,34,29.416666666666668,13.6,0.199363107770576
AST-PP,MEAN_POOL,0,50,3000,4,5.883333333333334,8.0,0.8569492893026757
AST-PP,MEAN_POOL,0,100,3000,13,11.766666666666667,13.0,0.3947606275834387
AST-PP,MEAN_POOL,0,150,3000,17,17.65,11.333333333333334,0.6068746988521294
AST-PP,MEAN_POOL,0,200,3000,18,23.533333333333335,9.0,0.9187720867337924
AST-PP,MEAN_POOL,0,250,3000,20,29.416666666666668,8.0,0.9828195008887002
AST-PP,MEAN_POOL,1,50,3000,4,5.883333333333334,8.0,0.8569492893026757
AST-PP,MEAN_POOL,1,100,3000,13,11.766666666666667,13.0,0.3947606275834387
AST-PP,MEAN_POOL,1,150,3000,17,17.65,11.333333333333334,0.6068746988521294
AST-PP,MEAN_POOL,1,200,3000,18,23.533333333333335,9.0,0.9187720867337924
AST-PP,MEAN_POOL,1,250,3000,22,29.416666666666668,8.8,0.9520393452099066
AST-PP,MEAN_POOL,2,50,3000,5,5.883333333333334,10.0,0.7175915562829853
AST-PP,MEAN_POOL,2,100,3000,11,11.766666666666667,11.0,0.643234431776655
AST-PP,MEAN_POOL,2,150,3000,17,17.65,11.333333333333334,0.6068746988521294
AST-PP,MEAN_POOL,2,200,3000,18,23.533333333333335,9.0,0.9187720867337924
AST-PP,MEAN_POOL,2,250,3000,22,29.416666666666668,8.8,0.9520393452099066
AST-PP,MEAN_POOL,3,50,3000,5,5.883333333333334,10.0,0.7175915562829853
AST-PP,MEAN_POOL,3,100,3000,12,11.766666666666667,12.0,0.5184489416519484
AST-PP,MEAN_POOL,3,150,3000,17,17.65,11.333333333333334,0.6068746988521294
AST-PP,MEAN_POOL,3,200,3000,19,23.533333333333335,9.5,0.8755383689117301
AST-PP,MEAN_POOL,3,250,3000,21,29.416666666666668,8.4,0.9705483280269313
AST-PP,MEAN_POOL,4,50,3000,5,5.883333333333334,10.0,0.7175915562829853
AST-PP,MEAN_POOL,4,100,3000,10,11.766666666666667,10.0,0.7569763858138752
AST-PP,MEAN_POOL,4,150,3000,14,17.65,9.333333333333334,0.8612217597654913
AST-PP,MEAN_POOL,4,200,3000,15,23.533333333333335,7.5,0.9843264026349444
AST-PP,MEAN_POOL,4,250,3000,20,29.416666666666668,8.0,0.9828195008887002
AST-PP,NO_FILTER,0,50,3000,5,5.433333333333334,10.0,0.6470092264763829
AST-PP,NO_FILTER,0,100,3000,8,10.866666666666667,8.0,0.8670535282126535
AST-PP,NO_FILTER,0,150,3000,10,16.3,6.666666666666667,0.9729466886144756
AST-PP,NO_FILTER,0,200,3000,13,21.733333333333334,6.5,0.9892168731002654
AST-PP,NO_FILTER,0,250,3000,21,27.166666666666668,8.4,0.9253909586478238
AST-PP,NO_FILTER,1,50,3000,4,5.433333333333334,8.0,0.8091023965969224
AST-PP,NO_FILTER,1,100,3000,6,10.866666666666667,6.0,0.969040278261344
AST-PP,NO_FILTER,1,150,3000,10,16.3,6.666666666666667,0.9729466886144756
AST-PP,NO_FILTER,1,200,3000,16,21.733333333333334,8.0,0.9335591001709934
AST-PP,NO_FILTER,1,250,3000,27,27.166666666666668,10.8,0.5472173176310573
AST-PP,NO_FILTER,2,50,3000,3,5.433333333333334,6.0,0.9213429212202746
AST-PP,NO_FILTER,2,100,3000,6,10.866666666666667,6.0,0.969040278261344
AST-PP,NO_FILTER,2,150,3000,10,16.3,6.666666666666667,0.9729466886144756
AST-PP,NO_FILTER,2,200,3000,17,21.733333333333334,8.5,0.893889891668983
AST-PP,NO_FILTER,2,250,3000,22,27.166666666666668,8.8,0.8878429867437411
AST-PP,NO_FILTER,3,50,3000,7,5.433333333333334,14.0,0.29716304371318136
AST-PP,NO_FILTER,3,100,3000,8,10.866666666666667,8.0,0.8670535282126535
AST-PP,NO_FILTER,3,150,3000,9,16.3,6.0,0.9875481435846961
AST-PP,NO_FILTER,3,200,3000,16,21.733333333333334,8.0,0.9335591001709934
AST-PP,NO_FILTER,3,250,3000,25,27.166666666666668,10.0,0.7088243554046136
AST-PP,NO_FILTER,4,50,3000,4,5.433333333333334,8.0,0.8091023965969224
AST-PP,NO_FILTER,4,100,3000,6,10.866666666666667,6.0,0.969040278261344
AST-PP,NO_FILTER,4,150,3000,7,16.3,4.666666666666667,0.9981929824170107
AST-PP,NO_FILTER,4,200,3000,14,21.733333333333334,7.0,0.9787001162588785
AST-PP,NO_FILTER,4,250,3000,21,27.166666666666668,8.4,0.9253909586478238
AST-PP,WILCOXON_FAIR,0,50,3000,9,5.883333333333334,18.0,0.12566690271745162
AST-PP,WILCOXON_FAIR,0,100,3000,19,11.766666666666667,19.0,0.02157173142230072
AST-PP,WILCOXON_FAIR,0,150,3000,23,17.65,15.333333333333334,0.10624154357440975
AST-PP,WILCOXON_FAIR,0,200,3000,35,23.533333333333335,17.5,0.00856094180932994
AST-PP,WILCOXON_FAIR,0,250,3000,43,29.416666666666668,17.2,0.0050757910450019116
AST-PP,WILCOXON_FAIR,1,50,3000,9,5.883333333333334,18.0,0.12566690271745162
AST-PP,WILCOXON_FAIR,1,100,3000,19,11.766666666666667,19.0,0.02157173142230072
AST-PP,WILCOXON_FAIR,1,150,3000,23,17.65,15.333333333333334,0.10624154357440975
AST-PP,WILCOXON_FAIR,1,200,3000,35,23.533333333333335,17.5,0.00856094180932994
AST-PP,WILCOXON_FAIR,1,250,3000,43,29.416666666666668,17.2,0.0050757910450019116
AST-PP,WILCOXON_FAIR,2,50,3000,9,5.883333333333334,18.0,0.12566690271745162
AST-PP,WILCOXON_FAIR,2,100,3000,19,11.766666666666667,19.0,0.02157173142230072
AST-PP,WILCOXON_FAIR,2,150,3000,23,17.65,15.333333333333334,0.10624154357440975
AST-PP,WILCOXON_FAIR,2,200,3000,35,23.533333333333335,17.5,0.00856094180932994
AST-PP,WILCOXON_FAIR,2,250,3000,43,29.416666666666668,17.2,0.0050757910450019116
AST-PP,WILCOXON_FAIR,3,50,3000,9,5.883333333333334,18.0,0.12566690271745162
AST-PP,WILCOXON_FAIR,3,100,3000,19,11.766666666666667,19.0,0.02157173142230072
AST-PP,WILCOXON_FAIR,3,150,3000,23,17.65,15.333333333333334,0.10624154357440975
AST-PP,WILCOXON_FAIR,3,200,3000,35,23.533333333333335,17.5,0.00856094180932994
AST-PP,WILCOXON_FAIR,3,250,3000,43,29.416666666666668,17.2,0.0050757910450019116
AST-PP,WILCOXON_FAIR,4,50,3000,9,5.883333333333334,18.0,0.12566690271745162
AST-PP,WILCOXON_FAIR,4,100,3000,19,11.766666666666667,19.0,0.02157173142230072
AST-PP,WILCOXON_FAIR,4,150,3000,23,17.65,15.333333333333334,0.10624154357440975
AST-PP,WILCOXON_FAIR,4,200,3000,35,23.533333333333335,17.5,0.00856094180932994
AST-PP,WILCOXON_FAIR,4,250,3000,43,29.416666666666668,17.2,0.0050757910450019116
Endothelial,CELLS_AS_NODES,0,50,3000,5,5.95,10.0,0.7271947561190307
Endothelial,CELLS_AS_NODES,0,100,3000,7,11.9,7.0,0.9632318099637495
Endothelial,CELLS_AS_NODES,0,150,3000,15,17.85,10.0,0.8050192539167758
Endothelial,CELLS_AS_NODES,0,200,3000,21,23.8,10.5,0.7687642369200687
Endothelial,CELLS_AS_NODES,0,250,3000,24,29.75,9.6,0.901643145917821
Endothelial,CELLS_AS_NODES,1,50,3000,3,5.95,6.0,0.9479938276939158
Endothelial,CELLS_AS_NODES,1,100,3000,11,11.9,11.0,0.6585740749122998
Endothelial,CELLS_AS_NODES,1,150,3000,20,17.85,13.333333333333334,0.32604849193146307
Endothelial,CELLS_AS_NODES,1,200,3000,23,23.8,11.5,0.60668535472252
Endothelial,CELLS_AS_NODES,1,250,3000,24,29.75,9.6,0.901643145917821
Endothelial,CELLS_AS_NODES,2,50,3000,6,5.95,12.0,0.5572765257382266
Endothelial,CELLS_AS_NODES,2,100,3000,11,11.9,11.0,0.6585740749122998
Endothelial,CELLS_AS_NODES,2,150,3000,18,17.85,12.0,0.5242625662020759
Endothelial,CELLS_AS_NODES,2,200,3000,19,23.8,9.5,0.887100970540732
Endothelial,CELLS_AS_NODES,2,250,3000,21,29.75,8.4,0.9746130846161404
Endothelial,CELLS_AS_NODES,3,50,3000,6,5.95,12.0,0.5572765257382266
Endothelial,CELLS_AS_NODES,3,100,3000,8,11.9,8.0,0.9230943924647721
Endothelial,CELLS_AS_NODES,3,150,3000,15,17.85,10.0,0.8050192539167758
Endothelial,CELLS_AS_NODES,3,200,3000,22,23.8,11.0,0.691915147253072
Endothelial,CELLS_AS_NODES,3,250,3000,27,29.75,10.8,0.7423806874566289
Endothelial,CELLS_AS_NODES,4,50,3000,4,5.95,8.0,0.8631251547301068
Endothelial,CELLS_AS_NODES,4,100,3000,7,11.9,7.0,0.9632318099637495
Endothelial,CELLS_AS_NODES,4,150,3000,18,17.85,12.0,0.5242625662020759
Endothelial,CELLS_AS_NODES,4,200,3000,20,23.8,10.0,0.8343178026261207
Endothelial,CELLS_AS_NODES,4,250,3000,23,29.75,9.2,0.9343669310357923
Endothelial,FULL,0,50,3000,3,5.95,6.0,0.9479938276939158
Endothelial,FULL,0,100,3000,9,11.9,9.0,0.8590767062832887
Endothelial,FULL,0,150,3000,16,17.85,10.666666666666666,0.7219975613831999
Endothelial,FULL,0,200,3000,25,23.8,12.5,0.4276102867769791
Endothelial,FULL,0,250,3000,30,29.75,12.0,0.5116952133558832
Endothelial,FULL,1,50,3000,2,5.95,4.0,0.9867823972386427
Endothelial,FULL,1,100,3000,11,11.9,11.0,0.6585740749122998
Endothelial,FULL,1,150,3000,19,17.85,12.666666666666666,0.4219618466987689
Endothelial,FULL,1,200,3000,25,23.8,12.5,0.4276102867769791
Endothelial,FULL,1,250,3000,29,29.75,11.6,0.5927083256432255
Endothelial,FULL,2,50,3000,4,5.95,8.0,0.8631251547301068
Endothelial,FULL,2,100,3000,14,11.9,14.0,0.2979903881292062
Endothelial,FULL,2,150,3000,18,17.85,12.0,0.5242625662020759
Endothelial,FULL,2,200,3000,22,23.8,11.0,0.691915147253072
Endothelial,FULL,2,250,3000,26,29.75,10.4,0.8056241613187918
Endothelial,FULL,3,50,3000,2,5.95,4.0,0.9867823972386427
Endothelial,FULL,3,100,3000,11,11.9,11.0,0.6585740749122998
Endothelial,FULL,3,150,3000,16,17.85,10.666666666666666,0.7219975613831999
Endothelial,FULL,3,200,3000,26,23.8,13.0,0.3426244780360104
Endothelial,FULL,3,250,3000,28,29.75,11.2,0.670615702362718
Endothelial,FULL,4,50,3000,2,5.95,4.0,0.9867823972386427
Endothelial,FULL,4,100,3000,15,11.9,15.0,0.2033168239205866
Endothelial,FULL,4,150,3000,20,17.85,13.333333333333334,0.32604849193146307
Endothelial,FULL,4,200,3000,25,23.8,12.5,0.4276102867769791
Endothelial,FULL,4,250,3000,26,29.75,10.4,0.8056241613187918
Endothelial,NO_GRAPH,0,50,3000,13,5.95,26.0,0.004416260662560191
Endothelial,NO_GRAPH,0,100,3000,19,11.9,19.0,0.024025581200421232
Endothelial,NO_GRAPH,0,150,3000,22,17.85,14.666666666666666,0.17143224243458607
Endothelial,NO_GRAPH,0,200,3000,26,23.8,13.0,0.3426244780360104
Endothelial,NO_GRAPH,0,250,3000,31,29.75,12.4,0.43090723036668555
Endothelial,NO_GRAPH,1,50,3000,14,5.95,28.0,0.0014742889068433632
Endothelial,NO_GRAPH,1,100,3000,18,11.9,18.0,0.04484669543857328
Endothelial,NO_GRAPH,1,150,3000,22,17.85,14.666666666666666,0.17143224243458607
Endothelial,NO_GRAPH,1,200,3000,25,23.8,12.5,0.4276102867769791
Endothelial,NO_GRAPH,1,250,3000,32,29.75,12.8,0.3535638962848835
Endothelial,NO_GRAPH,2,50,3000,14,5.95,28.0,0.0014742889068433632
Endothelial,NO_GRAPH,2,100,3000,19,11.9,19.0,0.024025581200421232
Endothelial,NO_GRAPH,2,150,3000,22,17.85,14.666666666666666,0.17143224243458607
Endothelial,NO_GRAPH,2,200,3000,24,23.8,12.0,0.5170797175597693
Endothelial,NO_GRAPH,2,250,3000,33,29.75,13.2,0.28240603554472715
Endothelial,NO_GRAPH,3,50,3000,15,5.95,30.0,0.0004483308678613965
Endothelial,NO_GRAPH,3,100,3000,22,11.9,22.0,0.002605269244872484
Endothelial,NO_GRAPH,3,150,3000,25,17.85,16.666666666666668,0.04722030259529303
Endothelial,NO_GRAPH,3,200,3000,27,23.8,13.5,0.26570645629176165
Endothelial,NO_GRAPH,3,250,3000,32,29.75,12.8,0.3535638962848835
Endothelial,NO_GRAPH,4,50,3000,14,5.95,28.0,0.0014742889068433632
Endothelial,NO_GRAPH,4,100,3000,19,11.9,19.0,0.024025581200421232
Endothelial,NO_GRAPH,4,150,3000,23,17.85,15.333333333333334,0.11650325467463178
Endothelial,NO_GRAPH,4,200,3000,25,23.8,12.5,0.4276102867769791
Endothelial,NO_GRAPH,4,250,3000,34,29.75,13.6,0.21943251093207053
Endothelial,MEAN_POOL,0,50,3000,3,5.95,6.0,0.9479938276939158
Endothelial,MEAN_POOL,0,100,3000,11,11.9,11.0,0.6585740749122998
Endothelial,MEAN_POOL,0,150,3000,14,17.85,9.333333333333334,0.8719733799910578
Endothelial,MEAN_POOL,0,200,3000,21,23.8,10.5,0.7687642369200687
Endothelial,MEAN_POOL,0,250,3000,30,29.75,12.0,0.5116952133558832
Endothelial,MEAN_POOL,1,50,3000,4,5.95,8.0,0.8631251547301068
Endothelial,MEAN_POOL,1,100,3000,11,11.9,11.0,0.6585740749122998
Endothelial,MEAN_POOL,1,150,3000,15,17.85,10.0,0.8050192539167758
Endothelial,MEAN_POOL,1,200,3000,21,23.8,10.5,0.7687642369200687
Endothelial,MEAN_POOL,1,250,3000,31,29.75,12.4,0.43090723036668555
Endothelial,MEAN_POOL,2,50,3000,3,5.95,6.0,0.9479938276939158
Endothelial,MEAN_POOL,2,100,3000,11,11.9,11.0,0.6585740749122998
Endothelial,MEAN_POOL,2,150,3000,15,17.85,10.0,0.8050192539167758
Endothelial,MEAN_POOL,2,200,3000,22,23.8,11.0,0.691915147253072
Endothelial,MEAN_POOL,2,250,3000,33,29.75,13.2,0.28240603554472715
Endothelial,MEAN_POOL,3,50,3000,3,5.95,6.0,0.9479938276939158
Endothelial,MEAN_POOL,3,100,3000,11,11.9,11.0,0.6585740749122998
Endothelial,MEAN_POOL,3,150,3000,14,17.85,9.333333333333334,0.8719733799910578
Endothelial,MEAN_POOL,3,200,3000,21,23.8,10.5,0.7687642369200687
Endothelial,MEAN_POOL,3,250,3000,31,29.75,12.4,0.43090723036668555
Endothelial,MEAN_POOL,4,50,3000,3,5.95,6.0,0.9479938276939158
Endothelial,MEAN_POOL,4,100,3000,11,11.9,11.0,0.6585740749122998
Endothelial,MEAN_POOL,4,150,3000,14,17.85,9.333333333333334,0.8719733799910578
Endothelial,MEAN_POOL,4,200,3000,21,23.8,10.5,0.7687642369200687
Endothelial,MEAN_POOL,4,250,3000,32,29.75,12.8,0.3535638962848835
Endothelial,NO_FILTER,0,50,3000,1,5.383333333333334,2.0,0.9968032703293906
Endothelial,NO_FILTER,0,100,3000,6,10.766666666666667,6.0,0.9668836851989169
Endothelial,NO_FILTER,0,150,3000,14,16.15,9.333333333333334,0.7581510282851397
Endothelial,NO_FILTER,0,200,3000,20,21.533333333333335,10.0,0.6768827629305494
Endothelial,NO_FILTER,0,250,3000,24,26.916666666666668,9.6,0.7633379786826806
Endothelial,NO_FILTER,1,50,3000,1,5.383333333333334,2.0,0.9968032703293906
Endothelial,NO_FILTER,1,100,3000,7,10.766666666666667,7.0,0.9265960298196575
Endothelial,NO_FILTER,1,150,3000,14,16.15,9.333333333333334,0.7581510282851397
Endothelial,NO_FILTER,1,200,3000,20,21.533333333333335,10.0,0.6768827629305494
Endothelial,NO_FILTER,1,250,3000,24,26.916666666666668,9.6,0.7633379786826806
Endothelial,NO_FILTER,2,50,3000,0,5.383333333333334,0.0,1.0
Endothelial,NO_FILTER,2,100,3000,8,10.766666666666667,8.0,0.86022652766402
Endothelial,NO_FILTER,2,150,3000,15,16.15,10.0,0.6626330147474078
Endothelial,NO_FILTER,2,200,3000,20,21.533333333333335,10.0,0.6768827629305494
Endothelial,NO_FILTER,2,250,3000,21,26.916666666666668,8.4,0.9179426836127601
Endothelial,NO_FILTER,3,50,3000,0,5.383333333333334,0.0,1.0
Endothelial,NO_FILTER,3,100,3000,6,10.766666666666667,6.0,0.9668836851989169
Endothelial,NO_FILTER,3,150,3000,14,16.15,9.333333333333334,0.7581510282851397
Endothelial,NO_FILTER,3,200,3000,19,21.533333333333335,9.5,0.7589757410308551
Endothelial,NO_FILTER,3,250,3000,25,26.916666666666668,10.0,0.690602896135047
Endothelial,NO_FILTER,4,50,3000,0,5.383333333333334,0.0,1.0
Endothelial,NO_FILTER,4,100,3000,9,10.766666666666667,9.0,0.7659099450068696
Endothelial,NO_FILTER,4,150,3000,18,16.15,12.0,0.3474477518463184
Endothelial,NO_FILTER,4,200,3000,20,21.533333333333335,10.0,0.6768827629305494
Endothelial,NO_FILTER,4,250,3000,23,26.916666666666668,9.2,0.8261657098982749
Endothelial,WILCOXON_FAIR,0,50,3000,5,5.95,10.0,0.7271947561190307
Endothelial,WILCOXON_FAIR,0,100,3000,11,11.9,11.0,0.6585740749122998
Endothelial,WILCOXON_FAIR,0,150,3000,21,17.85,14.0,0.24155084922579723
Endothelial,WILCOXON_FAIR,0,200,3000,27,23.8,13.5,0.26570645629176165
Endothelial,WILCOXON_FAIR,0,250,3000,36,29.75,14.4,0.12172625534419124
Endothelial,WILCOXON_FAIR,1,50,3000,5,5.95,10.0,0.7271947561190307
Endothelial,WILCOXON_FAIR,1,100,3000,11,11.9,11.0,0.6585740749122998
Endothelial,WILCOXON_FAIR,1,150,3000,21,17.85,14.0,0.24155084922579723
Endothelial,WILCOXON_FAIR,1,200,3000,27,23.8,13.5,0.26570645629176165
Endothelial,WILCOXON_FAIR,1,250,3000,36,29.75,14.4,0.12172625534419124
Endothelial,WILCOXON_FAIR,2,50,3000,5,5.95,10.0,0.7271947561190307
Endothelial,WILCOXON_FAIR,2,100,3000,11,11.9,11.0,0.6585740749122998
Endothelial,WILCOXON_FAIR,2,150,3000,21,17.85,14.0,0.24155084922579723
Endothelial,WILCOXON_FAIR,2,200,3000,27,23.8,13.5,0.26570645629176165
Endothelial,WILCOXON_FAIR,2,250,3000,36,29.75,14.4,0.12172625534419124
Endothelial,WILCOXON_FAIR,3,50,3000,5,5.95,10.0,0.7271947561190307
Endothelial,WILCOXON_FAIR,3,100,3000,11,11.9,11.0,0.6585740749122998
Endothelial,WILCOXON_FAIR,3,150,3000,21,17.85,14.0,0.24155084922579723
Endothelial,WILCOXON_FAIR,3,200,3000,27,23.8,13.5,0.26570645629176165
Endothelial,WILCOXON_FAIR,3,250,3000,36,29.75,14.4,0.12172625534419124
Endothelial,WILCOXON_FAIR,4,50,3000,5,5.95,10.0,0.7271947561190307
Endothelial,WILCOXON_FAIR,4,100,3000,11,11.9,11.0,0.6585740749122998
Endothelial,WILCOXON_FAIR,4,150,3000,21,17.85,14.0,0.24155084922579723
Endothelial,WILCOXON_FAIR,4,200,3000,27,23.8,13.5,0.26570645629176165
Endothelial,WILCOXON_FAIR,4,250,3000,36,29.75,14.4,0.12172625534419124
IN-PV,CELLS_AS_NODES,0,50,3000,8,4.766666666666667,16.0,0.0976787049093137
IN-PV,CELLS_AS_NODES,0,100,3000,13,9.533333333333333,13.0,0.1519454674665177
IN-PV,CELLS_AS_NODES,0,150,3000,22,14.3,14.666666666666666,0.02473185442518622
IN-PV,CELLS_AS_NODES,0,200,3000,26,19.066666666666666,13.0,0.05877594364462302
IN-PV,CELLS_AS_NODES,0,250,3000,33,23.833333333333332,13.2,0.029396510949259422
IN-PV,CELLS_AS_NODES,1,50,3000,6,4.766666666666667,12.0,0.34041708487708683
IN-PV,CELLS_AS_NODES,1,100,3000,11,9.533333333333333,11.0,0.35446292846032923
IN-PV,CELLS_AS_NODES,1,150,3000,17,14.3,11.333333333333334,0.2583238837204836
IN-PV,CELLS_AS_NODES,1,200,3000,23,19.066666666666666,11.5,0.19377823429605162
IN-PV,CELLS_AS_NODES,1,250,3000,27,23.833333333333332,10.8,0.2689750748460291
IN-PV,CELLS_AS_NODES,2,50,3000,11,4.766666666666667,22.0,0.006148713663546453
IN-PV,CELLS_AS_NODES,2,100,3000,14,9.533333333333333,14.0,0.08943859243692205
IN-PV,CELLS_AS_NODES,2,150,3000,24,14.3,16.0,0.006821228427929944
IN-PV,CELLS_AS_NODES,2,200,3000,31,19.066666666666666,15.5,0.003613800147332513
IN-PV,CELLS_AS_NODES,2,250,3000,34,23.833333333333332,13.6,0.018053873914152665
IN-PV,CELLS_AS_NODES,3,50,3000,9,4.766666666666667,18.0,0.04356645583061422
IN-PV,CELLS_AS_NODES,3,100,3000,14,9.533333333333333,14.0,0.08943859243692205
IN-PV,CELLS_AS_NODES,3,150,3000,23,14.3,15.333333333333334,0.013308702018652556
IN-PV,CELLS_AS_NODES,3,200,3000,30,19.066666666666666,15.0,0.006828438257498366
IN-PV,CELLS_AS_NODES,3,250,3000,36,23.833333333333332,14.4,0.006158944972211697
IN-PV,CELLS_AS_NODES,4,50,3000,8,4.766666666666667,16.0,0.0976787049093137
IN-PV,CELLS_AS_NODES,4,100,3000,10,9.533333333333333,10.0,0.4869646882110743
IN-PV,CELLS_AS_NODES,4,150,3000,18,14.3,12.0,0.1788562111992407
IN-PV,CELLS_AS_NODES,4,200,3000,23,19.066666666666666,11.5,0.19377823429605162
IN-PV,CELLS_AS_NODES,4,250,3000,34,23.833333333333332,13.6,0.018053873914152665
IN-PV,FULL,0,50,3000,9,4.766666666666667,18.0,0.04356645583061422
IN-PV,FULL,0,100,3000,13,9.533333333333333,13.0,0.1519454674665177
IN-PV,FULL,0,150,3000,18,14.3,12.0,0.1788562111992407
IN-PV,FULL,0,200,3000,25,19.066666666666666,12.5,0.0910905949583481
IN-PV,FULL,0,250,3000,36,23.833333333333332,14.4,0.006158944972211697
IN-PV,FULL,1,50,3000,10,4.766666666666667,20.0,0.017303221834567502
IN-PV,FULL,1,100,3000,11,9.533333333333333,11.0,0.35446292846032923
IN-PV,FULL,1,150,3000,16,14.3,10.666666666666666,0.3546976556169609
IN-PV,FULL,1,200,3000,22,19.066666666666666,11.0,0.26605295851388366
IN-PV,FULL,1,250,3000,31,23.833333333333332,12.4,0.0704175127800308
IN-PV,FULL,2,50,3000,7,4.766666666666667,14.0,0.19409476194909714
IN-PV,FULL,2,100,3000,13,9.533333333333333,13.0,0.1519454674665177
IN-PV,FULL,2,150,3000,16,14.3,10.666666666666666,0.3546976556169609
IN-PV,FULL,2,200,3000,24,19.066666666666666,12.0,0.1355729963319321
IN-PV,FULL,2,250,3000,36,23.833333333333332,14.4,0.006158944972211697
IN-PV,FULL,3,50,3000,8,4.766666666666667,16.0,0.0976787049093137
IN-PV,FULL,3,100,3000,16,9.533333333333333,16.0,0.025151946476619128
IN-PV,FULL,3,150,3000,19,14.3,12.666666666666666,0.11768238126997602
IN-PV,FULL,3,200,3000,22,19.066666666666666,11.0,0.26605295851388366
IN-PV,FULL,3,250,3000,35,23.833333333333332,14.0,0.010721865768054666
IN-PV,FULL,4,50,3000,7,4.766666666666667,14.0,0.19409476194909714
IN-PV,FULL,4,100,3000,14,9.533333333333333,14.0,0.08943859243692205
IN-PV,FULL,4,150,3000,18,14.3,12.0,0.1788562111992407
IN-PV,FULL,4,200,3000,27,19.066666666666666,13.5,0.03642628133762129
IN-PV,FULL,4,250,3000,31,23.833333333333332,12.4,0.0704175127800308
IN-PV,NO_GRAPH,0,50,3000,3,4.766666666666667,6.0,0.8695127691993013
IN-PV,NO_GRAPH,0,100,3000,8,9.533333333333333,8.0,0.7522093840365839
IN-PV,NO_GRAPH,0,150,3000,16,14.3,10.666666666666666,0.3546976556169609
IN-PV,NO_GRAPH,0,200,3000,22,19.066666666666666,11.0,0.26605295851388366
IN-PV,NO_GRAPH,0,250,3000,29,23.833333333333332,11.6,0.14724608442410567
IN-PV,NO_GRAPH,1,50,3000,4,4.766666666666667,8.0,0.7165000875800175
IN-PV,NO_GRAPH,1,100,3000,6,9.533333333333333,6.0,0.9268756011386178
IN-PV,NO_GRAPH,1,150,3000,12,14.3,8.0,0.7841225511984181
IN-PV,NO_GRAPH,1,200,3000,20,19.066666666666666,10.0,0.44557629567792073
IN-PV,NO_GRAPH,1,250,3000,29,23.833333333333332,11.6,0.14724608442410567
IN-PV,NO_GRAPH,2,50,3000,3,4.766666666666667,6.0,0.8695127691993013
IN-PV,NO_GRAPH,2,100,3000,8,9.533333333333333,8.0,0.7522093840365839
IN-PV,NO_GRAPH,2,150,3000,14,14.3,9.333333333333334,0.5771574753852742
IN-PV,NO_GRAPH,2,200,3000,23,19.066666666666666,11.5,0.19377823429605162
IN-PV,NO_GRAPH,2,250,3000,35,23.833333333333332,14.0,0.010721865768054666
IN-PV,NO_GRAPH,3,50,3000,1,4.766666666666667,2.0,0.9936096816229649
IN-PV,NO_GRAPH,3,100,3000,9,9.533333333333333,9.0,0.6248964601736067
IN-PV,NO_GRAPH,3,150,3000,19,14.3,12.666666666666666,0.11768238126997602
IN-PV,NO_GRAPH,3,200,3000,26,19.066666666666666,13.0,0.05877594364462302
IN-PV,NO_GRAPH,3,250,3000,36,23.833333333333332,14.4,0.006158944972211697
IN-PV,NO_GRAPH,4,50,3000,4,4.766666666666667,8.0,0.7165000875800175
IN-PV,NO_GRAPH,4,100,3000,9,9.533333333333333,9.0,0.6248964601736067
IN-PV,NO_GRAPH,4,150,3000,17,14.3,11.333333333333334,0.2583238837204836
IN-PV,NO_GRAPH,4,200,3000,22,19.066666666666666,11.0,0.26605295851388366
IN-PV,NO_GRAPH,4,250,3000,31,23.833333333333332,12.4,0.0704175127800308
IN-PV,MEAN_POOL,0,50,3000,9,4.766666666666667,18.0,0.04356645583061422
IN-PV,MEAN_POOL,0,100,3000,16,9.533333333333333,16.0,0.025151946476619128
IN-PV,MEAN_POOL,0,150,3000,24,14.3,16.0,0.006821228427929944
IN-PV,MEAN_POOL,0,200,3000,36,19.066666666666666,18.0,8.522665746543259e-05
IN-PV,MEAN_POOL,0,250,3000,45,23.833333333333332,18.0,9.869696073772238e-06
IN-PV,MEAN_POOL,1,50,3000,9,4.766666666666667,18.0,0.04356645583061422
IN-PV,MEAN_POOL,1,100,3000,16,9.533333333333333,16.0,0.025151946476619128
IN-PV,MEAN_POOL,1,150,3000,28,14.3,18.666666666666668,0.00029387740251464646
IN-PV,MEAN_POOL,1,200,3000,36,19.066666666666666,18.0,8.522665746543259e-05
IN-PV,MEAN_POOL,1,250,3000,47,23.833333333333332,18.8,1.682331483109746e-06
IN-PV,MEAN_POOL,2,50,3000,9,4.766666666666667,18.0,0.04356645583061422
IN-PV,MEAN_POOL,2,100,3000,16,9.533333333333333,16.0,0.025151946476619128
IN-PV,MEAN_POOL,2,150,3000,25,14.3,16.666666666666668,0.003332561094665429
IN-PV,MEAN_POOL,2,200,3000,35,19.066666666666666,17.5,0.000194124560452941
IN-PV,MEAN_POOL,2,250,3000,41,23.833333333333332,16.4,0.00023624365497955445
IN-PV,MEAN_POOL,3,50,3000,9,4.766666666666667,18.0,0.04356645583061422
IN-PV,MEAN_POOL,3,100,3000,16,9.533333333333333,16.0,0.025151946476619128
IN-PV,MEAN_POOL,3,150,3000,25,14.3,16.666666666666668,0.003332561094665429
IN-PV,MEAN_POOL,3,200,3000,36,19.066666666666666,18.0,8.522665746543259e-05
IN-PV,MEAN_POOL,3,250,3000,41,23.833333333333332,16.4,0.00023624365497955445
IN-PV,MEAN_POOL,4,50,3000,11,4.766666666666667,22.0,0.006148713663546453
IN-PV,MEAN_POOL,4,100,3000,17,9.533333333333333,17.0,0.012049442928884692
IN-PV,MEAN_POOL,4,150,3000,25,14.3,16.666666666666668,0.003332561094665429
IN-PV,MEAN_POOL,4,200,3000,37,19.066666666666666,18.5,3.609804469606821e-05
IN-PV,MEAN_POOL,4,250,3000,40,23.833333333333332,16.0,0.0004835334501360748
IN-PV,NO_FILTER,0,50,3000,8,4.216666666666667,16.0,0.055096636401257934
IN-PV,NO_FILTER,0,100,3000,11,8.433333333333334,11.0,0.21843583186804347
IN-PV,NO_FILTER,0,150,3000,15,12.65,10.0,0.2797899946276305
IN-PV,NO_FILTER,0,200,3000,20,16.866666666666667,10.0,0.2388166132826058
IN-PV,NO_FILTER,0,250,3000,27,21.083333333333332,10.8,0.10156049911869086
IN-PV,NO_FILTER,1,50,3000,9,4.216666666666667,18.0,0.021692326232350245
IN-PV,NO_FILTER,1,100,3000,10,8.433333333333334,10.0,0.3334900231063274
IN-PV,NO_FILTER,1,150,3000,12,12.65,8.0,0.6226955230497153
IN-PV,NO_FILTER,1,200,3000,21,16.866666666666667,10.5,0.16831229015436994
IN-PV,NO_FILTER,1,250,3000,29,21.083333333333332,11.6,0.043225951462729804
IN-PV,NO_FILTER,2,50,3000,7,4.216666666666667,14.0,0.12343368235088562
IN-PV,NO_FILTER,2,100,3000,10,8.433333333333334,10.0,0.3334900231063274
IN-PV,NO_FILTER,2,150,3000,13,12.65,8.666666666666666,0.5028768627127076
IN-PV,NO_FILTER,2,200,3000,19,16.866666666666667,9.5,0.32427942551766414
IN-PV,NO_FILTER,2,250,3000,24,21.083333333333332,9.6,0.2766763020395123
IN-PV,NO_FILTER,3,50,3000,6,4.216666666666667,12.0,0.24245131261722314
IN-PV,NO_FILTER,3,100,3000,9,8.433333333333334,9.0,0.4711674623605709
IN-PV,NO_FILTER,3,150,3000,14,12.65,9.333333333333334,0.3854312686812259
IN-PV,NO_FILTER,3,200,3000,17,16.866666666666667,8.5,0.5258460066121573
IN-PV,NO_FILTER,3,250,3000,23,21.083333333333332,9.2,0.3590772701108547
IN-PV,NO_FILTER,4,50,3000,8,4.216666666666667,16.0,0.055096636401257934
IN-PV,NO_FILTER,4,100,3000,9,8.433333333333334,9.0,0.4711674623605709
IN-PV,NO_FILTER,4,150,3000,12,12.65,8.0,0.6226955230497153
IN-PV,NO_FILTER,4,200,3000,16,16.866666666666667,8.0,0.6299448100097788
IN-PV,NO_FILTER,4,250,3000,20,21.083333333333332,8.0,0.6376793103945085
IN-PV,WILCOXON_FAIR,0,50,3000,9,4.766666666666667,18.0,0.04356645583061422
IN-PV,WILCOXON_FAIR,0,100,3000,17,9.533333333333333,17.0,0.012049442928884692
IN-PV,WILCOXON_FAIR,0,150,3000,26,14.3,17.333333333333332,0.0015532194800539426
IN-PV,WILCOXON_FAIR,0,200,3000,34,19.066666666666666,17.0,0.0004263708411717818
IN-PV,WILCOXON_FAIR,0,250,3000,42,23.833333333333332,16.8,0.00011185836879304143
IN-PV,WILCOXON_FAIR,1,50,3000,9,4.766666666666667,18.0,0.04356645583061422
IN-PV,WILCOXON_FAIR,1,100,3000,17,9.533333333333333,17.0,0.012049442928884692
IN-PV,WILCOXON_FAIR,1,150,3000,26,14.3,17.333333333333332,0.0015532194800539426
IN-PV,WILCOXON_FAIR,1,200,3000,34,19.066666666666666,17.0,0.0004263708411717818
IN-PV,WILCOXON_FAIR,1,250,3000,42,23.833333333333332,16.8,0.00011185836879304143
IN-PV,WILCOXON_FAIR,2,50,3000,9,4.766666666666667,18.0,0.04356645583061422
IN-PV,WILCOXON_FAIR,2,100,3000,17,9.533333333333333,17.0,0.012049442928884692
IN-PV,WILCOXON_FAIR,2,150,3000,26,14.3,17.333333333333332,0.0015532194800539426
IN-PV,WILCOXON_FAIR,2,200,3000,34,19.066666666666666,17.0,0.0004263708411717818
IN-PV,WILCOXON_FAIR,2,250,3000,42,23.833333333333332,16.8,0.00011185836879304143
IN-PV,WILCOXON_FAIR,3,50,3000,9,4.766666666666667,18.0,0.04356645583061422
IN-PV,WILCOXON_FAIR,3,100,3000,17,9.533333333333333,17.0,0.012049442928884692
IN-PV,WILCOXON_FAIR,3,150,3000,26,14.3,17.333333333333332,0.0015532194800539426
IN-PV,WILCOXON_FAIR,3,200,3000,34,19.066666666666666,17.0,0.0004263708411717818
IN-PV,WILCOXON_FAIR,3,250,3000,42,23.833333333333332,16.8,0.00011185836879304143
IN-PV,WILCOXON_FAIR,4,50,3000,9,4.766666666666667,18.0,0.04356645583061422
IN-PV,WILCOXON_FAIR,4,100,3000,17,9.533333333333333,17.0,0.012049442928884692
IN-PV,WILCOXON_FAIR,4,150,3000,26,14.3,17.333333333333332,0.0015532194800539426
IN-PV,WILCOXON_FAIR,4,200,3000,34,19.066666666666666,17.0,0.0004263708411717818
IN-PV,WILCOXON_FAIR,4,250,3000,42,23.833333333333332,16.8,0.00011185836879304143
IN-SST,CELLS_AS_NODES,0,50,3000,7,5.283333333333333,14.0,0.27271388383531703
IN-SST,CELLS_AS_NODES,0,100,3000,17,10.566666666666666,17.0,0.0305414468826625
IN-SST,CELLS_AS_NODES,0,150,3000,23,15.85,15.333333333333334,0.03989150579734205
IN-SST,CELLS_AS_NODES,0,200,3000,29,21.133333333333333,14.5,0.0439477336607029
IN-SST,CELLS_AS_NODES,0,250,3000,36,26.416666666666668,14.4,0.02900294051172722
IN-SST,CELLS_AS_NODES,1,50,3000,6,5.283333333333333,12.0,0.43655894864693734
IN-SST,CELLS_AS_NODES,1,100,3000,15,10.566666666666666,15.0,0.10028808122373876
IN-SST,CELLS_AS_NODES,1,150,3000,24,15.85,16.0,0.022882500722530147
IN-SST,CELLS_AS_NODES,1,200,3000,31,21.133333333333333,15.5,0.016120891331073948
IN-SST,CELLS_AS_NODES,1,250,3000,38,26.416666666666668,15.2,0.011009889486565096
IN-SST,CELLS_AS_NODES,2,50,3000,11,5.283333333333333,22.0,0.013106347960539172
IN-SST,CELLS_AS_NODES,2,100,3000,18,10.566666666666666,18.0,0.015313038431998688
IN-SST,CELLS_AS_NODES,2,150,3000,26,15.85,17.333333333333332,0.006559467922683511
IN-SST,CELLS_AS_NODES,2,200,3000,31,21.133333333333333,15.5,0.016120891331073948
IN-SST,CELLS_AS_NODES,2,250,3000,39,26.416666666666668,15.6,0.0064743936663885894
IN-SST,CELLS_AS_NODES,3,50,3000,8,5.283333333333333,16.0,0.151390514415284
IN-SST,CELLS_AS_NODES,3,100,3000,18,10.566666666666666,18.0,0.015313038431998688
IN-SST,CELLS_AS_NODES,3,150,3000,26,15.85,17.333333333333332,0.006559467922683511
IN-SST,CELLS_AS_NODES,3,200,3000,31,21.133333333333333,15.5,0.016120891331073948
IN-SST,CELLS_AS_NODES,3,250,3000,39,26.416666666666668,15.6,0.0064743936663885894
IN-SST,CELLS_AS_NODES,4,50,3000,8,5.283333333333333,16.0,0.151390514415284
IN-SST,CELLS_AS_NODES,4,100,3000,17,10.566666666666666,17.0,0.0305414468826625
IN-SST,CELLS_AS_NODES,4,150,3000,26,15.85,17.333333333333332,0.006559467922683511
IN-SST,CELLS_AS_NODES,4,200,3000,34,21.133333333333333,17.0,0.002719476477459178
IN-SST,CELLS_AS_NODES,4,250,3000,38,26.416666666666668,15.2,0.011009889486565096
IN-SST,FULL,0,50,3000,12,5.283333333333333,24.0,0.004678235686533001
IN-SST,FULL,0,100,3000,13,10.566666666666666,13.0,0.25344232055388194
IN-SST,FULL,0,150,3000,20,15.85,13.333333333333334,0.15950611844879362
IN-SST,FULL,0,200,3000,22,21.133333333333333,11.0,0.45450858788947196
IN-SST,FULL,0,250,3000,28,26.416666666666668,11.2,0.39937691300488526
IN-SST,FULL,1,50,3000,11,5.283333333333333,22.0,0.013106347960539172
IN-SST,FULL,1,100,3000,13,10.566666666666666,13.0,0.25344232055388194
IN-SST,FULL,1,150,3000,14,15.85,9.333333333333334,0.7326323717045198
IN-SST,FULL,1,200,3000,21,21.133333333333333,10.5,0.5493094589659145
IN-SST,FULL,1,250,3000,32,26.416666666666668,12.8,0.13807093088121225
IN-SST,FULL,2,50,3000,11,5.283333333333333,22.0,0.013106347960539172
IN-SST,FULL,2,100,3000,13,10.566666666666666,13.0,0.25344232055388194
IN-SST,FULL,2,150,3000,15,15.85,10.0,0.6327757909204523
IN-SST,FULL,2,200,3000,19,21.133333333333333,9.5,0.7291001249631115
IN-SST,FULL,2,250,3000,28,26.416666666666668,11.2,0.39937691300488526
IN-SST,FULL,3,50,3000,12,5.283333333333333,24.0,0.004678235686533001
IN-SST,FULL,3,100,3000,15,10.566666666666666,15.0,0.10028808122373876
IN-SST,FULL,3,150,3000,18,15.85,12.0,0.31734782304217857
IN-SST,FULL,3,200,3000,21,21.133333333333333,10.5,0.5493094589659145
IN-SST,FULL,3,250,3000,36,26.416666666666668,14.4,0.02900294051172722
IN-SST,FULL,4,50,3000,11,5.283333333333333,22.0,0.013106347960539172
IN-SST,FULL,4,100,3000,14,10.566666666666666,14.0,0.16478229072288894
IN-SST,FULL,4,150,3000,17,15.85,11.333333333333334,0.41748621907545813
IN-SST,FULL,4,200,3000,20,21.133333333333333,10.0,0.6425569150954245
IN-SST,FULL,4,250,3000,28,26.416666666666668,11.2,0.39937691300488526
IN-SST,NO_GRAPH,0,50,3000,2,5.283333333333333,4.0,0.9748839606922619
IN-SST,NO_GRAPH,0,100,3000,5,10.566666666666666,5.0,0.985513949343642
IN-SST,NO_GRAPH,0,150,3000,7,15.85,4.666666666666667,0.9974589220017195
IN-SST,NO_GRAPH,0,200,3000,16,21.133333333333333,8.0,0.9142669682271379
IN-SST,NO_GRAPH,0,250,3000,24,26.416666666666668,9.6,0.7297731386680926
IN-SST,NO_GRAPH,1,50,3000,2,5.283333333333333,4.0,0.9748839606922619
IN-SST,NO_GRAPH,1,100,3000,5,10.566666666666666,5.0,0.985513949343642
IN-SST,NO_GRAPH,1,150,3000,7,15.85,4.666666666666667,0.9974589220017195
IN-SST,NO_GRAPH,1,200,3000,14,21.133333333333333,7.0,0.9709475431522687
IN-SST,NO_GRAPH,1,250,3000,17,26.416666666666668,6.8,0.9872677110059712
IN-SST,NO_GRAPH,2,50,3000,2,5.283333333333333,4.0,0.9748839606922619
IN-SST,NO_GRAPH,2,100,3000,5,10.566666666666666,5.0,0.985513949343642
IN-SST,NO_GRAPH,2,150,3000,7,15.85,4.666666666666667,0.9974589220017195
IN-SST,NO_GRAPH,2,200,3000,16,21.133333333333333,8.0,0.9142669682271379
IN-SST,NO_GRAPH,2,250,3000,21,26.416666666666668,8.4,0.9012413440130648
IN-SST,NO_GRAPH,3,50,3000,2,5.283333333333333,4.0,0.9748839606922619
IN-SST,NO_GRAPH,3,100,3000,4,10.566666666666666,4.0,0.995570987162154
IN-SST,NO_GRAPH,3,150,3000,7,15.85,4.666666666666667,0.9974589220017195
IN-SST,NO_GRAPH,3,200,3000,17,21.133333333333333,8.5,0.8666951453875292
IN-SST,NO_GRAPH,3,250,3000,22,26.416666666666668,8.8,0.855508946473988
IN-SST,NO_GRAPH,4,50,3000,2,5.283333333333333,4.0,0.9748839606922619
IN-SST,NO_GRAPH,4,100,3000,5,10.566666666666666,5.0,0.985513949343642
IN-SST,NO_GRAPH,4,150,3000,7,15.85,4.666666666666667,0.9974589220017195
IN-SST,NO_GRAPH,4,200,3000,14,21.133333333333333,7.0,0.9709475431522687
IN-SST,NO_GRAPH,4,250,3000,20,26.416666666666668,8.0,0.9357424913528215
IN-SST,MEAN_POOL,0,50,3000,14,5.283333333333333,28.0,0.0004416035714082416
IN-SST,MEAN_POOL,0,100,3000,23,10.566666666666666,23.0,0.00019548879076935279
IN-SST,MEAN_POOL,0,150,3000,34,15.85,22.666666666666668,7.740432065694158e-06
IN-SST,MEAN_POOL,0,200,3000,40,21.133333333333333,20.0,2.9823505337268767e-05
IN-SST,MEAN_POOL,0,250,3000,43,26.416666666666668,17.2,0.0005703867564314604
IN-SST,MEAN_POOL,1,50,3000,14,5.283333333333333,28.0,0.0004416035714082416
IN-SST,MEAN_POOL,1,100,3000,23,10.566666666666666,23.0,0.00019548879076935279
IN-SST,MEAN_POOL,1,150,3000,36,15.85,24.0,9.516102290879655e-07
IN-SST,MEAN_POOL,1,200,3000,43,21.133333333333333,21.5,1.9817175007009528e-06
IN-SST,MEAN_POOL,1,250,3000,48,26.416666666666668,19.2,1.4047119351715098e-05
IN-SST,MEAN_POOL,2,50,3000,14,5.283333333333333,28.0,0.0004416035714082416
IN-SST,MEAN_POOL,2,100,3000,25,10.566666666666666,25.0,2.2877537802779244e-05
IN-SST,MEAN_POOL,2,150,3000,35,15.85,23.333333333333332,2.767819793681212e-06
IN-SST,MEAN_POOL,2,200,3000,42,21.133333333333333,21.0,5.055040382739226e-06
IN-SST,MEAN_POOL,2,250,3000,47,26.416666666666668,18.8,3.1218880043874476e-05
IN-SST,MEAN_POOL,3,50,3000,14,5.283333333333333,28.0,0.0004416035714082416
IN-SST,MEAN_POOL,3,100,3000,25,10.566666666666666,25.0,2.2877537802779244e-05
IN-SST,MEAN_POOL,3,150,3000,32,15.85,21.333333333333332,5.368904721932992e-05
IN-SST,MEAN_POOL,3,200,3000,40,21.133333333333333,20.0,2.9823505337268767e-05
IN-SST,MEAN_POOL,3,250,3000,44,26.416666666666668,17.6,0.0002882769230161988
IN-SST,MEAN_POOL,4,50,3000,14,5.283333333333333,28.0,0.0004416035714082416
IN-SST,MEAN_POOL,4,100,3000,24,10.566666666666666,24.0,6.873784746004863e-05
IN-SST,MEAN_POOL,4,150,3000,33,15.85,22.0,2.080169527373394e-05
IN-SST,MEAN_POOL,4,200,3000,38,21.133333333333333,19.0,0.00015401584600316663
IN-SST,MEAN_POOL,4,250,3000,42,26.416666666666668,16.8,0.0010954858778310429
IN-SST,NO_FILTER,0,50,3000,12,4.7,24.0,0.0017377177730837016
IN-SST,NO_FILTER,0,100,3000,15,9.4,15.0,0.04420374167025414
IN-SST,NO_FILTER,0,150,3000,17,14.1,11.333333333333334,0.23964581551517478
IN-SST,NO_FILTER,0,200,3000,19,18.8,9.5,0.5182128414961614
IN-SST,NO_FILTER,0,250,3000,22,23.5,8.8,0.6671006198714258
IN-SST,NO_FILTER,1,50,3000,11,4.7,22.0,0.005524960067440906
IN-SST,NO_FILTER,1,100,3000,15,9.4,15.0,0.04420374167025414
IN-SST,NO_FILTER,1,150,3000,17,14.1,11.333333333333334,0.23964581551517478
IN-SST,NO_FILTER,1,200,3000,18,18.8,9.0,0.6175838135320596
IN-SST,NO_FILTER,1,250,3000,21,23.5,8.4,0.7469852947134371
IN-SST,NO_FILTER,2,50,3000,11,4.7,22.0,0.005524960067440906
IN-SST,NO_FILTER,2,100,3000,12,9.4,12.0,0.22576264445975863
IN-SST,NO_FILTER,2,150,3000,15,14.1,10.0,0.44060924111050265
IN-SST,NO_FILTER,2,200,3000,17,18.8,8.5,0.7111210056445392
IN-SST,NO_FILTER,2,250,3000,21,23.5,8.4,0.7469852947134371
IN-SST,NO_FILTER,3,50,3000,13,4.7,26.0,0.0004930858138467225
IN-SST,NO_FILTER,3,100,3000,17,9.4,17.0,0.010531489473690547
IN-SST,NO_FILTER,3,150,3000,18,14.1,12.0,0.16372518849343665
IN-SST,NO_FILTER,3,200,3000,20,18.8,10.0,0.41916140352796777
IN-SST,NO_FILTER,3,250,3000,22,23.5,8.8,0.6671006198714258
IN-SST,NO_FILTER,4,50,3000,10,4.7,20.0,0.015782886829611157
IN-SST,NO_FILTER,4,100,3000,12,9.4,12.0,0.22576264445975863
IN-SST,NO_FILTER,4,150,3000,14,14.1,9.333333333333334,0.5547372511802966
IN-SST,NO_FILTER,4,200,3000,17,18.8,8.5,0.7111210056445392
IN-SST,NO_FILTER,4,250,3000,21,23.5,8.4,0.7469852947134371
IN-SST,WILCOXON_FAIR,0,50,3000,7,5.283333333333333,14.0,0.27271388383531703
IN-SST,WILCOXON_FAIR,0,100,3000,17,10.566666666666666,17.0,0.0305414468826625
IN-SST,WILCOXON_FAIR,0,150,3000,25,15.85,16.666666666666668,0.01253374841703989
IN-SST,WILCOXON_FAIR,0,200,3000,33,21.133333333333333,16.5,0.005103443480550242
IN-SST,WILCOXON_FAIR,0,250,3000,40,26.416666666666668,16.0,0.003691787380895681
IN-SST,WILCOXON_FAIR,1,50,3000,7,5.283333333333333,14.0,0.27271388383531703
IN-SST,WILCOXON_FAIR,1,100,3000,17,10.566666666666666,17.0,0.0305414468826625
IN-SST,WILCOXON_FAIR,1,150,3000,25,15.85,16.666666666666668,0.01253374841703989
IN-SST,WILCOXON_FAIR,1,200,3000,33,21.133333333333333,16.5,0.005103443480550242
IN-SST,WILCOXON_FAIR,1,250,3000,40,26.416666666666668,16.0,0.003691787380895681
IN-SST,WILCOXON_FAIR,2,50,3000,7,5.283333333333333,14.0,0.27271388383531703
IN-SST,WILCOXON_FAIR,2,100,3000,17,10.566666666666666,17.0,0.0305414468826625
IN-SST,WILCOXON_FAIR,2,150,3000,25,15.85,16.666666666666668,0.01253374841703989
IN-SST,WILCOXON_FAIR,2,200,3000,33,21.133333333333333,16.5,0.005103443480550242
IN-SST,WILCOXON_FAIR,2,250,3000,40,26.416666666666668,16.0,0.003691787380895681
IN-SST,WILCOXON_FAIR,3,50,3000,7,5.283333333333333,14.0,0.27271388383531703
IN-SST,WILCOXON_FAIR,3,100,3000,17,10.566666666666666,17.0,0.0305414468826625
IN-SST,WILCOXON_FAIR,3,150,3000,25,15.85,16.666666666666668,0.01253374841703989
IN-SST,WILCOXON_FAIR,3,200,3000,33,21.133333333333333,16.5,0.005103443480550242
IN-SST,WILCOXON_FAIR,3,250,3000,40,26.416666666666668,16.0,0.003691787380895681
IN-SST,WILCOXON_FAIR,4,50,3000,7,5.283333333333333,14.0,0.27271388383531703
IN-SST,WILCOXON_FAIR,4,100,3000,17,10.566666666666666,17.0,0.0305414468826625
IN-SST,WILCOXON_FAIR,4,150,3000,25,15.85,16.666666666666668,0.01253374841703989
IN-SST,WILCOXON_FAIR,4,200,3000,33,21.133333333333333,16.5,0.005103443480550242
IN-SST,WILCOXON_FAIR,4,250,3000,40,26.416666666666668,16.0,0.003691787380895681
IN-SV2C,CELLS_AS_NODES,0,50,3000,11,4.633333333333334,22.0,0.004952950167191282
IN-SV2C,CELLS_AS_NODES,0,100,3000,19,9.266666666666667,19.0,0.0016264944310579394
IN-SV2C,CELLS_AS_NODES,0,150,3000,30,13.9,20.0,2.6651457812333758e-05
IN-SV2C,CELLS_AS_NODES,0,200,3000,36,18.533333333333335,18.0,4.596864088959545e-05
IN-SV2C,CELLS_AS_NODES,0,250,3000,42,23.166666666666668,16.8,5.667679392218661e-05
IN-SV2C,CELLS_AS_NODES,1,50,3000,12,4.633333333333334,24.0,0.0015338700542722602
IN-SV2C,CELLS_AS_NODES,1,100,3000,25,9.266666666666667,25.0,2.098763289239267e-06
IN-SV2C,CELLS_AS_NODES,1,150,3000,34,13.9,22.666666666666668,3.4858104164752093e-07
IN-SV2C,CELLS_AS_NODES,1,200,3000,40,18.533333333333335,20.0,1.0429999718270542e-06
IN-SV2C,CELLS_AS_NODES,1,250,3000,45,23.166666666666668,18.0,4.497028955073336e-06
IN-SV2C,CELLS_AS_NODES,2,50,3000,10,4.633333333333334,20.0,0.014365945631051261
IN-SV2C,CELLS_AS_NODES,2,100,3000,26,9.266666666666667,26.0,5.674129549380945e-07
IN-SV2C,CELLS_AS_NODES,2,150,3000,33,13.9,22.0,1.097494992484386e-06
IN-SV2C,CELLS_AS_NODES,2,200,3000,40,18.533333333333335,20.0,1.0429999718270542e-06
IN-SV2C,CELLS_AS_NODES,2,250,3000,45,23.166666666666668,18.0,4.497028955073336e-06
IN-SV2C,CELLS_AS_NODES,3,50,3000,14,4.633333333333334,28.0,0.00010835534180990139
IN-SV2C,CELLS_AS_NODES,3,100,3000,22,9.266666666666667,22.0,7.605266166305087e-05
IN-SV2C,CELLS_AS_NODES,3,150,3000,29,13.9,19.333333333333332,7.082175100401457e-05
IN-SV2C,CELLS_AS_NODES,3,200,3000,39,18.533333333333335,19.5,2.832346343280703e-06
IN-SV2C,CELLS_AS_NODES,3,250,3000,44,23.166666666666668,17.6,1.0791765225118682e-05
IN-SV2C,CELLS_AS_NODES,4,50,3000,11,4.633333333333334,22.0,0.004952950167191282
IN-SV2C,CELLS_AS_NODES,4,100,3000,20,9.266666666666667,20.0,0.0006227595261774785
IN-SV2C,CELLS_AS_NODES,4,150,3000,29,13.9,19.333333333333332,7.082175100401457e-05
IN-SV2C,CELLS_AS_NODES,4,200,3000,37,18.533333333333335,18.5,1.8812124578637525e-05
IN-SV2C,CELLS_AS_NODES,4,250,3000,44,23.166666666666668,17.6,1.0791765225118682e-05
IN-SV2C,FULL,0,50,3000,9,4.633333333333334,18.0,0.037256193009845784
IN-SV2C,FULL,0,100,3000,17,9.266666666666667,17.0,0.009171066641470616
IN-SV2C,FULL,0,150,3000,29,13.9,19.333333333333332,7.082175100401457e-05
IN-SV2C,FULL,0,200,3000,32,18.533333333333335,16.0,0.0011360476502389402
IN-SV2C,FULL,0,250,3000,35,23.166666666666668,14.0,0.006891895010809606
IN-SV2C,FULL,1,50,3000,11,4.633333333333334,22.0,0.004952950167191282
IN-SV2C,FULL,1,100,3000,17,9.266666666666667,17.0,0.009171066641470616
IN-SV2C,FULL,1,150,3000,21,13.9,14.0,0.03348192777641712
IN-SV2C,FULL,1,200,3000,23,18.533333333333335,11.5,0.15804981796828527
IN-SV2C,FULL,1,250,3000,29,23.166666666666668,11.6,0.11410360277545467
IN-SV2C,FULL,2,50,3000,11,4.633333333333334,22.0,0.004952950167191282
IN-SV2C,FULL,2,100,3000,12,9.266666666666667,12.0,0.21144746309106754
IN-SV2C,FULL,2,150,3000,15,13.9,10.0,0.4177771809030999
IN-SV2C,FULL,2,200,3000,21,18.533333333333335,10.5,0.30201329747653655
IN-SV2C,FULL,2,250,3000,31,23.166666666666668,12.4,0.05139893250748824
IN-SV2C,FULL,3,50,3000,9,4.633333333333334,18.0,0.037256193009845784
IN-SV2C,FULL,3,100,3000,15,9.266666666666667,15.0,0.039680098280624035
IN-SV2C,FULL,3,150,3000,21,13.9,14.0,0.03348192777641712
IN-SV2C,FULL,3,200,3000,26,18.533333333333335,13.0,0.04392373889660012
IN-SV2C,FULL,3,250,3000,28,23.166666666666668,11.2,0.16138459476461062
IN-SV2C,FULL,4,50,3000,9,4.633333333333334,18.0,0.037256193009845784
IN-SV2C,FULL,4,100,3000,17,9.266666666666667,17.0,0.009171066641470616
IN-SV2C,FULL,4,150,3000,23,13.9,15.333333333333334,0.009580111244135355
IN-SV2C,FULL,4,200,3000,27,18.533333333333335,13.5,0.02640054806922692
IN-SV2C,FULL,4,250,3000,33,23.166666666666668,13.2,0.02015692593071567
IN-SV2C,NO_GRAPH,0,50,3000,2,4.633333333333334,4.0,0.9540355830136468
IN-SV2C,NO_GRAPH,0,100,3000,5,9.266666666666667,5.0,0.962748943457598
IN-SV2C,NO_GRAPH,0,150,3000,7,13.9,4.666666666666667,0.9896140638120131
IN-SV2C,NO_GRAPH,0,200,3000,12,18.533333333333335,6.0,0.9682522371903248
IN-SV2C,NO_GRAPH,0,250,3000,14,23.166666666666668,5.6,0.9900548500965425
IN-SV2C,NO_GRAPH,1,50,3000,2,4.633333333333334,4.0,0.9540355830136468
IN-SV2C,NO_GRAPH,1,100,3000,5,9.266666666666667,5.0,0.962748943457598
IN-SV2C,NO_GRAPH,1,150,3000,9,13.9,6.0,0.9479304492932201
IN-SV2C,NO_GRAPH,1,200,3000,14,18.533333333333335,7.0,0.9020076346231449
IN-SV2C,NO_GRAPH,1,250,3000,18,23.166666666666668,7.2,0.9051757044610129
IN-SV2C,NO_GRAPH,2,50,3000,1,4.633333333333334,2.0,0.9925865632894152
IN-SV2C,NO_GRAPH,2,100,3000,5,9.266666666666667,5.0,0.962748943457598
IN-SV2C,NO_GRAPH,2,150,3000,9,13.9,6.0,0.9479304492932201
IN-SV2C,NO_GRAPH,2,200,3000,16,18.533333333333335,8.0,0.7743589791102425
IN-SV2C,NO_GRAPH,2,250,3000,21,23.166666666666668,8.4,0.722684082915988
IN-SV2C,NO_GRAPH,3,50,3000,1,4.633333333333334,2.0,0.9925865632894152
IN-SV2C,NO_GRAPH,3,100,3000,5,9.266666666666667,5.0,0.962748943457598
IN-SV2C,NO_GRAPH,3,150,3000,6,13.9,4.0,0.9962907011598144
IN-SV2C,NO_GRAPH,3,200,3000,9,18.533333333333335,4.5,0.9970608124147392
IN-SV2C,NO_GRAPH,3,250,3000,21,23.166666666666668,8.4,0.722684082915988
IN-SV2C,NO_GRAPH,4,50,3000,2,4.633333333333334,4.0,0.9540355830136468
IN-SV2C,NO_GRAPH,4,100,3000,5,9.266666666666667,5.0,0.962748943457598
IN-SV2C,NO_GRAPH,4,150,3000,9,13.9,6.0,0.9479304492932201
IN-SV2C,NO_GRAPH,4,200,3000,15,18.533333333333335,7.5,0.8462742096693995
IN-SV2C,NO_GRAPH,4,250,3000,16,23.166666666666668,6.4,0.9649291411110507
IN-SV2C,MEAN_POOL,0,50,3000,12,4.633333333333334,24.0,0.0015338700542722602
IN-SV2C,MEAN_POOL,0,100,3000,18,9.266666666666667,18.0,0.0039888965789001835
IN-SV2C,MEAN_POOL,0,150,3000,30,13.9,20.0,2.6651457812333758e-05
IN-SV2C,MEAN_POOL,0,200,3000,36,18.533333333333335,18.0,4.596864088959545e-05
IN-SV2C,MEAN_POOL,0,250,3000,43,23.166666666666668,17.2,2.511702956963712e-05
IN-SV2C,MEAN_POOL,1,50,3000,12,4.633333333333334,24.0,0.0015338700542722602
IN-SV2C,MEAN_POOL,1,100,3000,18,9.266666666666667,18.0,0.0039888965789001835
IN-SV2C,MEAN_POOL,1,150,3000,28,13.9,18.666666666666668,0.00018005850658287675
IN-SV2C,MEAN_POOL,1,200,3000,36,18.533333333333335,18.0,4.596864088959545e-05
IN-SV2C,MEAN_POOL,1,250,3000,43,23.166666666666668,17.2,2.511702956963712e-05
IN-SV2C,MEAN_POOL,2,50,3000,12,4.633333333333334,24.0,0.0015338700542722602
IN-SV2C,MEAN_POOL,2,100,3000,18,9.266666666666667,18.0,0.0039888965789001835
IN-SV2C,MEAN_POOL,2,150,3000,29,13.9,19.333333333333332,7.082175100401457e-05
IN-SV2C,MEAN_POOL,2,200,3000,34,18.533333333333335,17.0,0.0002461524631727608
IN-SV2C,MEAN_POOL,2,250,3000,43,23.166666666666668,17.2,2.511702956963712e-05
IN-SV2C,MEAN_POOL,3,50,3000,12,4.633333333333334,24.0,0.0015338700542722602
IN-SV2C,MEAN_POOL,3,100,3000,18,9.266666666666667,18.0,0.0039888965789001835
IN-SV2C,MEAN_POOL,3,150,3000,29,13.9,19.333333333333332,7.082175100401457e-05
IN-SV2C,MEAN_POOL,3,200,3000,35,18.533333333333335,17.5,0.00010834024019233874
IN-SV2C,MEAN_POOL,3,250,3000,41,23.166666666666668,16.4,0.0001239517903580373
IN-SV2C,MEAN_POOL,4,50,3000,12,4.633333333333334,24.0,0.0015338700542722602
IN-SV2C,MEAN_POOL,4,100,3000,19,9.266666666666667,19.0,0.0016264944310579394
IN-SV2C,MEAN_POOL,4,150,3000,28,13.9,18.666666666666668,0.00018005850658287675
IN-SV2C,MEAN_POOL,4,200,3000,35,18.533333333333335,17.5,0.00010834024019233874
IN-SV2C,MEAN_POOL,4,250,3000,42,23.166666666666668,16.8,5.667679392218661e-05
IN-SV2C,NO_FILTER,0,50,3000,13,4.05,26.0,0.00010984586994030393
IN-SV2C,NO_FILTER,0,100,3000,19,8.1,19.0,0.0003022214985610546
IN-SV2C,NO_FILTER,0,150,3000,26,12.15,17.333333333333332,0.00011698153128642193
IN-SV2C,NO_FILTER,0,200,3000,34,16.2,17.0,1.4709446780154445e-05
IN-SV2C,NO_FILTER,0,250,3000,38,20.25,15.2,6.249844715069677e-05
IN-SV2C,NO_FILTER,1,50,3000,13,4.05,26.0,0.00010984586994030393
IN-SV2C,NO_FILTER,1,100,3000,20,8.1,20.0,9.944816336242522e-05
IN-SV2C,NO_FILTER,1,150,3000,24,12.15,16.0,0.000745158466042625
IN-SV2C,NO_FILTER,1,200,3000,26,16.2,13.0,0.009120172927145235
IN-SV2C,NO_FILTER,1,250,3000,27,20.25,10.8,0.06907594798281752
IN-SV2C,NO_FILTER,2,50,3000,12,4.05,24.0,0.0004559763610480688
IN-SV2C,NO_FILTER,2,100,3000,17,8.1,17.0,0.0022953977352391875
IN-SV2C,NO_FILTER,2,150,3000,20,12.15,13.333333333333334,0.016427074107569786
IN-SV2C,NO_FILTER,2,200,3000,23,16.2,11.5,0.05044873402920416
IN-SV2C,NO_FILTER,2,250,3000,29,20.25,11.6,0.026956348521372207
IN-SV2C,NO_FILTER,3,50,3000,13,4.05,26.0,0.00010984586994030393
IN-SV2C,NO_FILTER,3,100,3000,18,8.1,18.0,0.0008610186505848545
IN-SV2C,NO_FILTER,3,150,3000,25,12.15,16.666666666666668,0.00030258140213104424
IN-SV2C,NO_FILTER,3,200,3000,27,16.2,13.5,0.0047226660534421625
IN-SV2C,NO_FILTER,3,250,3000,31,20.25,12.4,0.009038420301823195
IN-SV2C,NO_FILTER,4,50,3000,12,4.05,24.0,0.0004559763610480688
IN-SV2C,NO_FILTER,4,100,3000,17,8.1,17.0,0.0022953977352391875
IN-SV2C,NO_FILTER,4,150,3000,28,12.15,18.666666666666668,1.515013099802753e-05
IN-SV2C,NO_FILTER,4,200,3000,33,16.2,16.5,3.783511170130645e-05
IN-SV2C,NO_FILTER,4,250,3000,35,20.25,14.0,0.0006523493357124346
IN-SV2C,WILCOXON_FAIR,0,50,3000,8,4.633333333333334,16.0,0.08596155271028082
IN-SV2C,WILCOXON_FAIR,0,100,3000,22,9.266666666666667,22.0,7.605266166305087e-05
IN-SV2C,WILCOXON_FAIR,0,150,3000,30,13.9,20.0,2.6651457812333758e-05
IN-SV2C,WILCOXON_FAIR,0,200,3000,37,18.533333333333335,18.5,1.8812124578637525e-05
IN-SV2C,WILCOXON_FAIR,0,250,3000,42,23.166666666666668,16.8,5.667679392218661e-05
IN-SV2C,WILCOXON_FAIR,1,50,3000,8,4.633333333333334,16.0,0.08596155271028082
IN-SV2C,WILCOXON_FAIR,1,100,3000,22,9.266666666666667,22.0,7.605266166305087e-05
IN-SV2C,WILCOXON_FAIR,1,150,3000,30,13.9,20.0,2.6651457812333758e-05
IN-SV2C,WILCOXON_FAIR,1,200,3000,37,18.533333333333335,18.5,1.8812124578637525e-05
IN-SV2C,WILCOXON_FAIR,1,250,3000,42,23.166666666666668,16.8,5.667679392218661e-05
IN-SV2C,WILCOXON_FAIR,2,50,3000,8,4.633333333333334,16.0,0.08596155271028082
IN-SV2C,WILCOXON_FAIR,2,100,3000,22,9.266666666666667,22.0,7.605266166305087e-05
IN-SV2C,WILCOXON_FAIR,2,150,3000,30,13.9,20.0,2.6651457812333758e-05
IN-SV2C,WILCOXON_FAIR,2,200,3000,37,18.533333333333335,18.5,1.8812124578637525e-05
IN-SV2C,WILCOXON_FAIR,2,250,3000,42,23.166666666666668,16.8,5.667679392218661e-05
IN-SV2C,WILCOXON_FAIR,3,50,3000,8,4.633333333333334,16.0,0.08596155271028082
IN-SV2C,WILCOXON_FAIR,3,100,3000,22,9.266666666666667,22.0,7.605266166305087e-05
IN-SV2C,WILCOXON_FAIR,3,150,3000,30,13.9,20.0,2.6651457812333758e-05
IN-SV2C,WILCOXON_FAIR,3,200,3000,37,18.533333333333335,18.5,1.8812124578637525e-05
IN-SV2C,WILCOXON_FAIR,3,250,3000,42,23.166666666666668,16.8,5.667679392218661e-05
IN-SV2C,WILCOXON_FAIR,4,50,3000,8,4.633333333333334,16.0,0.08596155271028082
IN-SV2C,WILCOXON_FAIR,4,100,3000,22,9.266666666666667,22.0,7.605266166305087e-05
IN-SV2C,WILCOXON_FAIR,4,150,3000,30,13.9,20.0,2.6651457812333758e-05
IN-SV2C,WILCOXON_FAIR,4,200,3000,37,18.533333333333335,18.5,1.8812124578637525e-05
IN-SV2C,WILCOXON_FAIR,4,250,3000,42,23.166666666666668,16.8,5.667679392218661e-05
IN-VIP,CELLS_AS_NODES,0,50,3000,11,4.8,22.0,0.006480999128307696
IN-VIP,CELLS_AS_NODES,0,100,3000,17,9.6,17.0,0.012871308014103529
IN-VIP,CELLS_AS_NODES,0,150,3000,23,14.4,15.333333333333334,0.0144036119521106
IN-VIP,CELLS_AS_NODES,0,200,3000,27,19.2,13.5,0.039334311449695826
IN-VIP,CELLS_AS_NODES,0,250,3000,35,24.0,14.0,0.011914896686922876
IN-VIP,CELLS_AS_NODES,1,50,3000,11,4.8,22.0,0.006480999128307696
IN-VIP,CELLS_AS_NODES,1,100,3000,13,9.6,13.0,0.1577158343235358
IN-VIP,CELLS_AS_NODES,1,150,3000,19,14.4,12.666666666666666,0.12367877940183752
IN-VIP,CELLS_AS_NODES,1,200,3000,28,19.2,14.0,0.023599396263248345
IN-VIP,CELLS_AS_NODES,1,250,3000,34,24.0,13.6,0.019903933544830988
IN-VIP,CELLS_AS_NODES,2,50,3000,10,4.8,20.0,0.01810353700195589
IN-VIP,CELLS_AS_NODES,2,100,3000,16,9.6,16.0,0.026668070028996287
IN-VIP,CELLS_AS_NODES,2,150,3000,22,14.4,14.666666666666666,0.026564415591100676
IN-VIP,CELLS_AS_NODES,2,200,3000,30,19.2,15.0,0.007546946506249272
IN-VIP,CELLS_AS_NODES,2,250,3000,34,24.0,13.6,0.019903933544830988
IN-VIP,CELLS_AS_NODES,3,50,3000,11,4.8,22.0,0.006480999128307696
IN-VIP,CELLS_AS_NODES,3,100,3000,15,9.6,15.0,0.05166812386231714
IN-VIP,CELLS_AS_NODES,3,150,3000,20,14.4,13.333333333333334,0.07788518777145594
IN-VIP,CELLS_AS_NODES,3,200,3000,27,19.2,13.5,0.039334311449695826
IN-VIP,CELLS_AS_NODES,3,250,3000,36,24.0,14.4,0.006899615284413915
IN-VIP,CELLS_AS_NODES,4,50,3000,9,4.8,18.0,0.04525225734323398
IN-VIP,CELLS_AS_NODES,4,100,3000,13,9.6,13.0,0.1577158343235358
IN-VIP,CELLS_AS_NODES,4,150,3000,18,14.4,12.0,0.18668865426048734
IN-VIP,CELLS_AS_NODES,4,200,3000,29,19.2,14.5,0.013609539325485982
IN-VIP,CELLS_AS_NODES,4,250,3000,33,24.0,13.2,0.03215624444949375
IN-VIP,FULL,0,50,3000,3,4.8,6.0,0.8726728862460077
IN-VIP,FULL,0,100,3000,5,9.6,5.0,0.9705542308585967
IN-VIP,FULL,0,150,3000,10,14.4,6.666666666666667,0.9242906737643822
IN-VIP,FULL,0,200,3000,18,19.2,9.0,0.6546516417977069
IN-VIP,FULL,0,250,3000,28,24.0,11.2,0.21339322555926726
IN-VIP,FULL,1,50,3000,5,4.8,10.0,0.5322493566314483
IN-VIP,FULL,1,100,3000,5,9.6,5.0,0.9705542308585967
IN-VIP,FULL,1,150,3000,11,14.4,7.333333333333333,0.8686442762752851
IN-VIP,FULL,1,200,3000,23,19.2,11.5,0.20331722730426938
IN-VIP,FULL,1,250,3000,34,24.0,13.6,0.019903933544830988
IN-VIP,FULL,2,50,3000,1,4.8,2.0,0.9938430128687212
IN-VIP,FULL,2,100,3000,3,9.6,3.0,0.9975123298616821
IN-VIP,FULL,2,150,3000,12,14.4,8.0,0.7921238441558743
IN-VIP,FULL,2,200,3000,24,19.2,12.0,0.14322798439798434
IN-VIP,FULL,2,250,3000,29,24.0,11.6,0.1563453504993127
IN-VIP,FULL,3,50,3000,4,4.8,8.0,0.7217823039354518
IN-VIP,FULL,3,100,3000,8,9.6,8.0,0.7592285721651053
IN-VIP,FULL,3,150,3000,11,14.4,7.333333333333333,0.8686442762752851
IN-VIP,FULL,3,200,3000,22,19.2,11.0,0.27731197486807213
IN-VIP,FULL,3,250,3000,29,24.0,11.6,0.1563453504993127
IN-VIP,FULL,4,50,3000,2,4.8,4.0,0.9605495037848257
IN-VIP,FULL,4,100,3000,5,9.6,5.0,0.9705542308585967
IN-VIP,FULL,4,150,3000,13,14.4,8.666666666666666,0.6967383806136036
IN-VIP,FULL,4,200,3000,21,19.2,10.5,0.3636229239021751
IN-VIP,FULL,4,250,3000,28,24.0,11.2,0.21339322555926726
IN-VIP,NO_GRAPH,0,50,3000,0,4.8,0.0,1.0
IN-VIP,NO_GRAPH,0,100,3000,2,9.6,2.0,0.9995841892669305
IN-VIP,NO_GRAPH,0,150,3000,9,14.4,6.0,0.9606725173145383
IN-VIP,NO_GRAPH,0,200,3000,14,19.2,7.0,0.9267314318969344
IN-VIP,NO_GRAPH,0,250,3000,20,24.0,8.0,0.8438667022381846
IN-VIP,NO_GRAPH,1,50,3000,0,4.8,0.0,1.0
IN-VIP,NO_GRAPH,1,100,3000,2,9.6,2.0,0.9995841892669305
IN-VIP,NO_GRAPH,1,150,3000,7,14.4,4.666666666666667,0.9926789146353947
IN-VIP,NO_GRAPH,1,200,3000,14,19.2,7.0,0.9267314318969344
IN-VIP,NO_GRAPH,1,250,3000,16,24.0,6.4,0.9765656000786753
IN-VIP,NO_GRAPH,2,50,3000,0,4.8,0.0,1.0
IN-VIP,NO_GRAPH,2,100,3000,3,9.6,3.0,0.9975123298616821
IN-VIP,NO_GRAPH,2,150,3000,9,14.4,6.0,0.9606725173145383
IN-VIP,NO_GRAPH,2,200,3000,16,19.2,8.0,0.8200178626826776
IN-VIP,NO_GRAPH,2,250,3000,19,24.0,7.6,0.8941920196688573
IN-VIP,NO_GRAPH,3,50,3000,0,4.8,0.0,1.0
IN-VIP,NO_GRAPH,3,100,3000,2,9.6,2.0,0.9995841892669305
IN-VIP,NO_GRAPH,3,150,3000,9,14.4,6.0,0.9606725173145383
IN-VIP,NO_GRAPH,3,200,3000,14,19.2,7.0,0.9267314318969344
IN-VIP,NO_GRAPH,3,250,3000,19,24.0,7.6,0.8941920196688573
IN-VIP,NO_GRAPH,4,50,3000,0,4.8,0.0,1.0
IN-VIP,NO_GRAPH,4,100,3000,2,9.6,2.0,0.9995841892669305
IN-VIP,NO_GRAPH,4,150,3000,10,14.4,6.666666666666667,0.9242906737643822
IN-VIP,NO_GRAPH,4,200,3000,14,19.2,7.0,0.9267314318969344
IN-VIP,NO_GRAPH,4,250,3000,17,24.0,6.8,0.9588378018612376
IN-VIP,MEAN_POOL,0,50,3000,9,4.8,18.0,0.04525225734323398
IN-VIP,MEAN_POOL,0,100,3000,25,9.6,25.0,4.057545991214311e-06
IN-VIP,MEAN_POOL,0,150,3000,31,14.4,20.666666666666668,1.999431738976713e-05
IN-VIP,MEAN_POOL,0,200,3000,35,19.2,17.5,0.00022346389876197516
IN-VIP,MEAN_POOL,0,250,3000,39,24.0,15.6,0.0011009750821283255
IN-VIP,MEAN_POOL,1,50,3000,12,4.8,24.0,0.0020854401324580203
IN-VIP,MEAN_POOL,1,100,3000,23,9.6,23.0,4.331840649057753e-05
IN-VIP,MEAN_POOL,1,150,3000,30,14.4,20.0,5.321076184941066e-05
IN-VIP,MEAN_POOL,1,200,3000,35,19.2,17.5,0.00022346389876197516
IN-VIP,MEAN_POOL,1,250,3000,38,24.0,15.2,0.0020966908985693244
IN-VIP,MEAN_POOL,2,50,3000,11,4.8,22.0,0.006480999128307696
IN-VIP,MEAN_POOL,2,100,3000,25,9.6,25.0,4.057545991214311e-06
IN-VIP,MEAN_POOL,2,150,3000,37,14.4,24.666666666666668,2.3610069353941786e-08
IN-VIP,MEAN_POOL,2,200,3000,47,19.2,23.5,1.312537255162393e-09
IN-VIP,MEAN_POOL,2,250,3000,50,24.0,20.0,1.2009085449611687e-07
IN-VIP,MEAN_POOL,3,50,3000,9,4.8,18.0,0.04525225734323398
IN-VIP,MEAN_POOL,3,100,3000,23,9.6,23.0,4.331840649057753e-05
IN-VIP,MEAN_POOL,3,150,3000,30,14.4,20.0,5.321076184941066e-05
IN-VIP,MEAN_POOL,3,200,3000,34,19.2,17.0,0.0004867558881664413
IN-VIP,MEAN_POOL,3,250,3000,38,24.0,15.2,0.0020966908985693244
IN-VIP,MEAN_POOL,4,50,3000,10,4.8,20.0,0.01810353700195589
IN-VIP,MEAN_POOL,4,100,3000,22,9.6,22.0,0.00013003138408385043
IN-VIP,MEAN_POOL,4,150,3000,31,14.4,20.666666666666668,1.999431738976713e-05
IN-VIP,MEAN_POOL,4,200,3000,35,19.2,17.5,0.00022346389876197516
IN-VIP,MEAN_POOL,4,250,3000,38,24.0,15.2,0.0020966908985693244
IN-VIP,NO_FILTER,0,50,3000,1,4.516666666666667,2.0,0.9915608673772585
IN-VIP,NO_FILTER,0,100,3000,3,9.033333333333333,3.0,0.9958394172444462
IN-VIP,NO_FILTER,0,150,3000,5,13.55,3.3333333333333335,0.9985280426747356
IN-VIP,NO_FILTER,0,200,3000,12,18.066666666666666,6.0,0.9595172756923375
IN-VIP,NO_FILTER,0,250,3000,21,22.583333333333332,8.4,0.6770221905514081
IN-VIP,NO_FILTER,1,50,3000,2,4.516666666666667,4.0,0.948892864751084
IN-VIP,NO_FILTER,1,100,3000,2,9.033333333333333,2.0,0.9992610558145436
IN-VIP,NO_FILTER,1,150,3000,6,13.55,4.0,0.9951641602212573
IN-VIP,NO_FILTER,1,200,3000,17,18.066666666666666,8.5,0.6457792755446957
IN-VIP,NO_FILTER,1,250,3000,23,22.583333333333332,9.2,0.497130857755199
IN-VIP,NO_FILTER,2,50,3000,1,4.516666666666667,2.0,0.9915608673772585
IN-VIP,NO_FILTER,2,100,3000,2,9.033333333333333,2.0,0.9992610558145436
IN-VIP,NO_FILTER,2,150,3000,6,13.55,4.0,0.9951641602212573
IN-VIP,NO_FILTER,2,200,3000,15,18.066666666666666,7.5,0.8175756032218127
IN-VIP,NO_FILTER,2,250,3000,27,22.583333333333332,10.8,0.18193016703848225
IN-VIP,NO_FILTER,3,50,3000,1,4.516666666666667,2.0,0.9915608673772585
IN-VIP,NO_FILTER,3,100,3000,3,9.033333333333333,3.0,0.9958394172444462
IN-VIP,NO_FILTER,3,150,3000,9,13.55,6.0,0.9369972694263334
IN-VIP,NO_FILTER,3,200,3000,15,18.066666666666666,7.5,0.8175756032218127
IN-VIP,NO_FILTER,3,250,3000,25,22.583333333333332,10.0,0.321825656005823
IN-VIP,NO_FILTER,4,50,3000,1,4.516666666666667,2.0,0.9915608673772585
IN-VIP,NO_FILTER,4,100,3000,3,9.033333333333333,3.0,0.9958394172444462
IN-VIP,NO_FILTER,4,150,3000,5,13.55,3.3333333333333335,0.9985280426747356
IN-VIP,NO_FILTER,4,200,3000,14,18.066666666666666,7.0,0.8809781404829139
IN-VIP,NO_FILTER,4,250,3000,24,22.583333333333332,9.6,0.406634036640387
IN-VIP,WILCOXON_FAIR,0,50,3000,6,4.8,12.0,0.34656818500943815
IN-VIP,WILCOXON_FAIR,0,100,3000,9,9.6,9.0,0.6335026836969265
IN-VIP,WILCOXON_FAIR,0,150,3000,12,14.4,8.0,0.7921238441558743
IN-VIP,WILCOXON_FAIR,0,200,3000,20,19.2,10.0,0.4587957744820059
IN-VIP,WILCOXON_FAIR,0,250,3000,27,24.0,10.8,0.2817295286567021
IN-VIP,WILCOXON_FAIR,1,50,3000,6,4.8,12.0,0.34656818500943815
IN-VIP,WILCOXON_FAIR,1,100,3000,9,9.6,9.0,0.6335026836969265
IN-VIP,WILCOXON_FAIR,1,150,3000,12,14.4,8.0,0.7921238441558743
IN-VIP,WILCOXON_FAIR,1,200,3000,20,19.2,10.0,0.4587957744820059
IN-VIP,WILCOXON_FAIR,1,250,3000,27,24.0,10.8,0.2817295286567021
IN-VIP,WILCOXON_FAIR,2,50,3000,6,4.8,12.0,0.34656818500943815
IN-VIP,WILCOXON_FAIR,2,100,3000,9,9.6,9.0,0.6335026836969265
IN-VIP,WILCOXON_FAIR,2,150,3000,12,14.4,8.0,0.7921238441558743
IN-VIP,WILCOXON_FAIR,2,200,3000,20,19.2,10.0,0.4587957744820059
IN-VIP,WILCOXON_FAIR,2,250,3000,27,24.0,10.8,0.2817295286567021
IN-VIP,WILCOXON_FAIR,3,50,3000,6,4.8,12.0,0.34656818500943815
IN-VIP,WILCOXON_FAIR,3,100,3000,9,9.6,9.0,0.6335026836969265
IN-VIP,WILCOXON_FAIR,3,150,3000,12,14.4,8.0,0.7921238441558743
IN-VIP,WILCOXON_FAIR,3,200,3000,20,19.2,10.0,0.4587957744820059
IN-VIP,WILCOXON_FAIR,3,250,3000,27,24.0,10.8,0.2817295286567021
IN-VIP,WILCOXON_FAIR,4,50,3000,6,4.8,12.0,0.34656818500943815
IN-VIP,WILCOXON_FAIR,4,100,3000,9,9.6,9.0,0.6335026836969265
IN-VIP,WILCOXON_FAIR,4,150,3000,12,14.4,8.0,0.7921238441558743
IN-VIP,WILCOXON_FAIR,4,200,3000,20,19.2,10.0,0.4587957744820059
IN-VIP,WILCOXON_FAIR,4,250,3000,27,24.0,10.8,0.2817295286567021
L2/3,CELLS_AS_NODES,0,50,3000,7,4.633333333333334,14.0,0.17557306150435315
L2/3,CELLS_AS_NODES,0,100,3000,15,9.266666666666667,15.0,0.039680098280624035
L2/3,CELLS_AS_NODES,0,150,3000,20,13.9,13.333333333333334,0.05802758572072877
L2/3,CELLS_AS_NODES,0,200,3000,25,18.533333333333335,12.5,0.07014341921126564
L2/3,CELLS_AS_NODES,0,250,3000,28,23.166666666666668,11.2,0.16138459476461062
L2/3,CELLS_AS_NODES,1,50,3000,10,4.633333333333334,20.0,0.014365945631051261
L2/3,CELLS_AS_NODES,1,100,3000,13,9.266666666666667,13.0,0.13005082197911683
L2/3,CELLS_AS_NODES,1,150,3000,19,13.9,12.666666666666666,0.09553081033192026
L2/3,CELLS_AS_NODES,1,200,3000,23,18.533333333333335,11.5,0.15804981796828527
L2/3,CELLS_AS_NODES,1,250,3000,28,23.166666666666668,11.2,0.16138459476461062
L2/3,CELLS_AS_NODES,2,50,3000,10,4.633333333333334,20.0,0.014365945631051261
L2/3,CELLS_AS_NODES,2,100,3000,19,9.266666666666667,19.0,0.0016264944310579394
L2/3,CELLS_AS_NODES,2,150,3000,22,13.9,14.666666666666666,0.01836317642291564
L2/3,CELLS_AS_NODES,2,200,3000,28,18.533333333333335,14.0,0.015236302520519987
L2/3,CELLS_AS_NODES,2,250,3000,37,23.166666666666668,14.8,0.0020590610453840763
L2/3,CELLS_AS_NODES,3,50,3000,8,4.633333333333334,16.0,0.08596155271028082
L2/3,CELLS_AS_NODES,3,100,3000,14,9.266666666666667,14.0,0.0744287938037106
L2/3,CELLS_AS_NODES,3,150,3000,20,13.9,13.333333333333334,0.05802758572072877
L2/3,CELLS_AS_NODES,3,200,3000,22,18.533333333333335,11.0,0.222997224072159
L2/3,CELLS_AS_NODES,3,250,3000,23,23.166666666666668,9.2,0.5502782093144938
L2/3,CELLS_AS_NODES,4,50,3000,9,4.633333333333334,18.0,0.037256193009845784
L2/3,CELLS_AS_NODES,4,100,3000,13,9.266666666666667,13.0,0.13005082197911683
L2/3,CELLS_AS_NODES,4,150,3000,19,13.9,12.666666666666666,0.09553081033192026
L2/3,CELLS_AS_NODES,4,200,3000,24,18.533333333333335,12.0,0.10748992386490584
L2/3,CELLS_AS_NODES,4,250,3000,27,23.166666666666668,10.8,0.22051434373716758
L2/3,FULL,0,50,3000,10,4.633333333333334,20.0,0.014365945631051261
L2/3,FULL,0,100,3000,17,9.266666666666667,17.0,0.009171066641470616
L2/3,FULL,0,150,3000,21,13.9,14.0,0.03348192777641712
L2/3,FULL,0,200,3000,29,18.533333333333335,14.5,0.00844659615551294
L2/3,FULL,0,250,3000,34,23.166666666666668,13.6,0.011988667906883185
L2/3,FULL,1,50,3000,10,4.633333333333334,20.0,0.014365945631051261
L2/3,FULL,1,100,3000,15,9.266666666666667,15.0,0.039680098280624035
L2/3,FULL,1,150,3000,19,13.9,12.666666666666666,0.09553081033192026
L2/3,FULL,1,200,3000,28,18.533333333333335,14.0,0.015236302520519987
L2/3,FULL,1,250,3000,35,23.166666666666668,14.0,0.006891895010809606
L2/3,FULL,2,50,3000,7,4.633333333333334,14.0,0.17557306150435315
L2/3,FULL,2,100,3000,15,9.266666666666667,15.0,0.039680098280624035
L2/3,FULL,2,150,3000,22,13.9,14.666666666666666,0.01836317642291564
L2/3,FULL,2,200,3000,32,18.533333333333335,16.0,0.0011360476502389402
L2/3,FULL,2,250,3000,38,23.166666666666668,15.2,0.0010708312672070971
L2/3,FULL,3,50,3000,11,4.633333333333334,22.0,0.004952950167191282
L2/3,FULL,3,100,3000,17,9.266666666666667,17.0,0.009171066641470616
L2/3,FULL,3,150,3000,24,13.9,16.0,0.004758070869195713
L2/3,FULL,3,200,3000,29,18.533333333333335,14.5,0.00844659615551294
L2/3,FULL,3,250,3000,34,23.166666666666668,13.6,0.011988667906883185
L2/3,FULL,4,50,3000,11,4.633333333333334,22.0,0.004952950167191282
L2/3,FULL,4,100,3000,15,9.266666666666667,15.0,0.039680098280624035
L2/3,FULL,4,150,3000,21,13.9,14.0,0.03348192777641712
L2/3,FULL,4,200,3000,28,18.533333333333335,14.0,0.015236302520519987
L2/3,FULL,4,250,3000,38,23.166666666666668,15.2,0.0010708312672070971
L2/3,NO_GRAPH,0,50,3000,1,4.633333333333334,2.0,0.9925865632894152
L2/3,NO_GRAPH,0,100,3000,5,9.266666666666667,5.0,0.962748943457598
L2/3,NO_GRAPH,0,150,3000,8,13.9,5.333333333333333,0.975128353313
L2/3,NO_GRAPH,0,200,3000,9,18.533333333333335,4.5,0.9970608124147392
L2/3,NO_GRAPH,0,250,3000,11,23.166666666666668,4.4,0.9991733436620627
L2/3,NO_GRAPH,1,50,3000,1,4.633333333333334,2.0,0.9925865632894152
L2/3,NO_GRAPH,1,100,3000,6,9.266666666666667,6.0,0.9140692118197759
L2/3,NO_GRAPH,1,150,3000,9,13.9,6.0,0.9479304492932201
L2/3,NO_GRAPH,1,200,3000,9,18.533333333333335,4.5,0.9970608124147392
L2/3,NO_GRAPH,1,250,3000,10,23.166666666666668,4.0,0.999701156471005
L2/3,NO_GRAPH,2,50,3000,1,4.633333333333334,2.0,0.9925865632894152
L2/3,NO_GRAPH,2,100,3000,5,9.266666666666667,5.0,0.962748943457598
L2/3,NO_GRAPH,2,150,3000,9,13.9,6.0,0.9479304492932201
L2/3,NO_GRAPH,2,200,3000,10,18.533333333333335,5.0,0.9927849896817118
L2/3,NO_GRAPH,2,250,3000,11,23.166666666666668,4.4,0.9991733436620627
L2/3,NO_GRAPH,3,50,3000,1,4.633333333333334,2.0,0.9925865632894152
L2/3,NO_GRAPH,3,100,3000,4,9.266666666666667,4.0,0.9870573480752529
L2/3,NO_GRAPH,3,150,3000,11,13.9,7.333333333333333,0.8370961525285268
L2/3,NO_GRAPH,3,200,3000,15,18.533333333333335,7.5,0.8462742096693995
L2/3,NO_GRAPH,3,250,3000,16,23.166666666666668,6.4,0.9649291411110507
L2/3,NO_GRAPH,4,50,3000,1,4.633333333333334,2.0,0.9925865632894152
L2/3,NO_GRAPH,4,100,3000,3,9.266666666666667,3.0,0.9966294373762407
L2/3,NO_GRAPH,4,150,3000,9,13.9,6.0,0.9479304492932201
L2/3,NO_GRAPH,4,200,3000,12,18.533333333333335,6.0,0.9682522371903248
L2/3,NO_GRAPH,4,250,3000,14,23.166666666666668,5.6,0.9900548500965425
L2/3,MEAN_POOL,0,50,3000,15,4.633333333333334,30.0,2.4888778376884905e-05
L2/3,MEAN_POOL,0,100,3000,21,9.266666666666667,21.0,0.00022424789541504084
L2/3,MEAN_POOL,0,150,3000,29,13.9,19.333333333333332,7.082175100401457e-05
L2/3,MEAN_POOL,0,200,3000,39,18.533333333333335,19.5,2.832346343280703e-06
L2/3,MEAN_POOL,0,250,3000,45,23.166666666666668,18.0,4.497028955073336e-06
L2/3,MEAN_POOL,1,50,3000,13,4.633333333333334,26.0,0.00042846514816738775
L2/3,MEAN_POOL,1,100,3000,20,9.266666666666667,20.0,0.0006227595261774785
L2/3,MEAN_POOL,1,150,3000,32,13.9,21.333333333333332,3.3153669707016646e-06
L2/3,MEAN_POOL,1,200,3000,38,18.533333333333335,19.0,7.429005968651566e-06
L2/3,MEAN_POOL,1,250,3000,49,23.166666666666668,19.6,1.0050382326137459e-07
L2/3,MEAN_POOL,2,50,3000,13,4.633333333333334,26.0,0.00042846514816738775
L2/3,MEAN_POOL,2,100,3000,20,9.266666666666667,20.0,0.0006227595261774785
L2/3,MEAN_POOL,2,150,3000,29,13.9,19.333333333333332,7.082175100401457e-05
L2/3,MEAN_POOL,2,200,3000,37,18.533333333333335,18.5,1.8812124578637525e-05
L2/3,MEAN_POOL,2,250,3000,46,23.166666666666668,18.4,1.8180772298160507e-06
L2/3,MEAN_POOL,3,50,3000,14,4.633333333333334,28.0,0.00010835534180990139
L2/3,MEAN_POOL,3,100,3000,20,9.266666666666667,20.0,0.0006227595261774785
L2/3,MEAN_POOL,3,150,3000,29,13.9,19.333333333333332,7.082175100401457e-05
L2/3,MEAN_POOL,3,200,3000,39,18.533333333333335,19.5,2.832346343280703e-06
L2/3,MEAN_POOL,3,250,3000,45,23.166666666666668,18.0,4.497028955073336e-06
L2/3,MEAN_POOL,4,50,3000,15,4.633333333333334,30.0,2.4888778376884905e-05
L2/3,MEAN_POOL,4,100,3000,20,9.266666666666667,20.0,0.0006227595261774785
L2/3,MEAN_POOL,4,150,3000,30,13.9,20.0,2.6651457812333758e-05
L2/3,MEAN_POOL,4,200,3000,38,18.533333333333335,19.0,7.429005968651566e-06
L2/3,MEAN_POOL,4,250,3000,43,23.166666666666668,17.2,2.511702956963712e-05
L2/3,NO_FILTER,0,50,3000,8,3.6333333333333333,16.0,0.025713184020816304
L2/3,NO_FILTER,0,100,3000,15,7.266666666666667,15.0,0.00496853755519298
L2/3,NO_FILTER,0,150,3000,19,10.9,12.666666666666666,0.010861444076067275
L2/3,NO_FILTER,0,200,3000,26,14.533333333333333,13.0,0.0020667988733172006
L2/3,NO_FILTER,0,250,3000,26,18.166666666666668,10.4,0.03560416851958104
L2/3,NO_FILTER,1,50,3000,9,3.6333333333333333,18.0,0.008681005069898074
L2/3,NO_FILTER,1,100,3000,16,7.266666666666667,16.0,0.0019037087366088087
L2/3,NO_FILTER,1,150,3000,17,10.9,11.333333333333334,0.0415098955605799
L2/3,NO_FILTER,1,200,3000,18,14.533333333333333,9.0,0.1983131152896952
L2/3,NO_FILTER,1,250,3000,25,18.166666666666668,10.0,0.05803205443756388
L2/3,NO_FILTER,2,50,3000,8,3.6333333333333333,16.0,0.025713184020816304
L2/3,NO_FILTER,2,100,3000,15,7.266666666666667,15.0,0.00496853755519298
L2/3,NO_FILTER,2,150,3000,16,10.9,10.666666666666666,0.07418643854482952
L2/3,NO_FILTER,2,200,3000,21,14.533333333333333,10.5,0.051497156903186014
L2/3,NO_FILTER,2,250,3000,28,18.166666666666668,11.2,0.01184508336705688
L2/3,NO_FILTER,3,50,3000,8,3.6333333333333333,16.0,0.025713184020816304
L2/3,NO_FILTER,3,100,3000,16,7.266666666666667,16.0,0.0019037087366088087
L2/3,NO_FILTER,3,150,3000,20,10.9,13.333333333333334,0.005092035314131189
L2/3,NO_FILTER,3,200,3000,26,14.533333333333333,13.0,0.0020667988733172006
L2/3,NO_FILTER,3,250,3000,29,18.166666666666668,11.6,0.0064286961060968624
L2/3,NO_FILTER,4,50,3000,9,3.6333333333333333,18.0,0.008681005069898074
L2/3,NO_FILTER,4,100,3000,16,7.266666666666667,16.0,0.0019037087366088087
L2/3,NO_FILTER,4,150,3000,19,10.9,12.666666666666666,0.010861444076067275
L2/3,NO_FILTER,4,200,3000,22,14.533333333333333,11.0,0.029773160730114108
L2/3,NO_FILTER,4,250,3000,26,18.166666666666668,10.4,0.03560416851958104
L2/3,WILCOXON_FAIR,0,50,3000,10,4.633333333333334,20.0,0.014365945631051261
L2/3,WILCOXON_FAIR,0,100,3000,20,9.266666666666667,20.0,0.0006227595261774785
L2/3,WILCOXON_FAIR,0,150,3000,27,13.9,18.0,0.00043764396332958666
L2/3,WILCOXON_FAIR,0,200,3000,32,18.533333333333335,16.0,0.0011360476502389402
L2/3,WILCOXON_FAIR,0,250,3000,45,23.166666666666668,18.0,4.497028955073336e-06
L2/3,WILCOXON_FAIR,1,50,3000,10,4.633333333333334,20.0,0.014365945631051261
L2/3,WILCOXON_FAIR,1,100,3000,20,9.266666666666667,20.0,0.0006227595261774785
L2/3,WILCOXON_FAIR,1,150,3000,27,13.9,18.0,0.00043764396332958666
L2/3,WILCOXON_FAIR,1,200,3000,32,18.533333333333335,16.0,0.0011360476502389402
L2/3,WILCOXON_FAIR,1,250,3000,45,23.166666666666668,18.0,4.497028955073336e-06
L2/3,WILCOXON_FAIR,2,50,3000,10,4.633333333333334,20.0,0.014365945631051261
L2/3,WILCOXON_FAIR,2,100,3000,20,9.266666666666667,20.0,0.0006227595261774785
L2/3,WILCOXON_FAIR,2,150,3000,27,13.9,18.0,0.00043764396332958666
L2/3,WILCOXON_FAIR,2,200,3000,32,18.533333333333335,16.0,0.0011360476502389402
L2/3,WILCOXON_FAIR,2,250,3000,45,23.166666666666668,18.0,4.497028955073336e-06
L2/3,WILCOXON_FAIR,3,50,3000,10,4.633333333333334,20.0,0.014365945631051261
L2/3,WILCOXON_FAIR,3,100,3000,20,9.266666666666667,20.0,0.0006227595261774785
L2/3,WILCOXON_FAIR,3,150,3000,27,13.9,18.0,0.00043764396332958666
L2/3,WILCOXON_FAIR,3,200,3000,32,18.533333333333335,16.0,0.0011360476502389402
L2/3,WILCOXON_FAIR,3,250,3000,45,23.166666666666668,18.0,4.497028955073336e-06
L2/3,WILCOXON_FAIR,4,50,3000,10,4.633333333333334,20.0,0.014365945631051261
L2/3,WILCOXON_FAIR,4,100,3000,20,9.266666666666667,20.0,0.0006227595261774785
L2/3,WILCOXON_FAIR,4,150,3000,27,13.9,18.0,0.00043764396332958666
L2/3,WILCOXON_FAIR,4,200,3000,32,18.533333333333335,16.0,0.0011360476502389402
L2/3,WILCOXON_FAIR,4,250,3000,45,23.166666666666668,18.0,4.497028955073336e-06
L4,CELLS_AS_NODES,0,50,3000,12,4.983333333333333,24.0,0.002872738470584315
L4,CELLS_AS_NODES,0,100,3000,21,9.966666666666667,21.0,0.0006154535969734072
L4,CELLS_AS_NODES,0,150,3000,31,14.95,20.666666666666668,4.2641600742473244e-05
L4,CELLS_AS_NODES,0,200,3000,37,19.933333333333334,18.5,9.689114095331174e-05
L4,CELLS_AS_NODES,0,250,3000,43,24.916666666666668,17.2,0.00015065453100034752
L4,CELLS_AS_NODES,1,50,3000,9,4.983333333333333,18.0,0.055324859263610776
L4,CELLS_AS_NODES,1,100,3000,15,9.966666666666667,15.0,0.0675871220348819
L4,CELLS_AS_NODES,1,150,3000,28,14.95,18.666666666666668,0.0006183178934491845
L4,CELLS_AS_NODES,1,200,3000,40,19.933333333333334,20.0,7.0201036656541805e-06
L4,CELLS_AS_NODES,1,250,3000,45,24.916666666666668,18.0,3.2346740625104734e-05
L4,CELLS_AS_NODES,2,50,3000,12,4.983333333333333,24.0,0.002872738470584315
L4,CELLS_AS_NODES,2,100,3000,19,9.966666666666667,19.0,0.0037902984778587522
L4,CELLS_AS_NODES,2,150,3000,23,14.95,15.333333333333334,0.021782871725528497
L4,CELLS_AS_NODES,2,200,3000,34,19.933333333333334,17.0,0.0009756135334112633
L4,CELLS_AS_NODES,2,250,3000,43,24.916666666666668,17.2,0.00015065453100034752
L4,CELLS_AS_NODES,3,50,3000,10,4.983333333333333,20.0,0.023011288450073865
L4,CELLS_AS_NODES,3,100,3000,18,9.966666666666667,18.0,0.00857785936892201
L4,CELLS_AS_NODES,3,150,3000,25,14.95,16.666666666666668,0.006019882303031934
L4,CELLS_AS_NODES,3,200,3000,34,19.933333333333334,17.0,0.0009756135334112633
L4,CELLS_AS_NODES,3,250,3000,43,24.916666666666668,17.2,0.00015065453100034752
L4,CELLS_AS_NODES,4,50,3000,12,4.983333333333333,24.0,0.002872738470584315
L4,CELLS_AS_NODES,4,100,3000,17,9.966666666666667,17.0,0.018220480727825897
L4,CELLS_AS_NODES,4,150,3000,22,14.95,14.666666666666666,0.03857729542940026
L4,CELLS_AS_NODES,4,200,3000,33,19.933333333333334,16.5,0.0019600037907396496
L4,CELLS_AS_NODES,4,250,3000,42,24.916666666666668,16.8,0.0003107301965892
L4,FULL,0,50,3000,12,4.983333333333333,24.0,0.002872738470584315
L4,FULL,0,100,3000,22,9.966666666666667,22.0,0.00022679539925549188
L4,FULL,0,150,3000,29,14.95,19.333333333333332,0.00026478056832665564
L4,FULL,0,200,3000,35,19.933333333333334,17.5,0.00046826251808417603
L4,FULL,0,250,3000,44,24.916666666666668,17.6,7.086298683185333e-05
L4,FULL,1,50,3000,10,4.983333333333333,20.0,0.023011288450073865
L4,FULL,1,100,3000,22,9.966666666666667,22.0,0.00022679539925549188
L4,FULL,1,150,3000,27,14.95,18.0,0.00138139887508919
L4,FULL,1,200,3000,38,19.933333333333334,19.0,4.180829635754425e-05
L4,FULL,1,250,3000,46,24.916666666666668,18.4,1.433340005138231e-05
L4,FULL,2,50,3000,12,4.983333333333333,24.0,0.002872738470584315
L4,FULL,2,100,3000,19,9.966666666666667,19.0,0.0037902984778587522
L4,FULL,2,150,3000,26,14.95,17.333333333333332,0.002950435115430506
L4,FULL,2,200,3000,33,19.933333333333334,16.5,0.0019600037907396496
L4,FULL,2,250,3000,47,24.916666666666668,18.8,6.1674736033513974e-06
L4,FULL,3,50,3000,12,4.983333333333333,24.0,0.002872738470584315
L4,FULL,3,100,3000,24,9.966666666666667,24.0,2.592384803947474e-05
L4,FULL,3,150,3000,28,14.95,18.666666666666668,0.0006183178934491845
L4,FULL,3,200,3000,34,19.933333333333334,17.0,0.0009756135334112633
L4,FULL,3,250,3000,43,24.916666666666668,17.2,0.00015065453100034752
L4,FULL,4,50,3000,11,4.983333333333333,22.0,0.008572793261311983
L4,FULL,4,100,3000,20,9.966666666666667,20.0,0.0015742482960210708
L4,FULL,4,150,3000,29,14.95,19.333333333333332,0.00026478056832665564
L4,FULL,4,200,3000,38,19.933333333333334,19.0,4.180829635754425e-05
L4,FULL,4,250,3000,48,24.916666666666668,19.2,2.5777099129456948e-06
L4,NO_GRAPH,0,50,3000,3,4.983333333333333,6.0,0.8889048686545206
L4,NO_GRAPH,0,100,3000,9,9.966666666666667,9.0,0.6789503140853657
L4,NO_GRAPH,0,150,3000,17,14.95,11.333333333333334,0.3225766374164519
L4,NO_GRAPH,0,200,3000,23,19.933333333333334,11.5,0.2597172637820986
L4,NO_GRAPH,0,250,3000,26,24.916666666666668,10.4,0.43929743089357104
L4,NO_GRAPH,1,50,3000,3,4.983333333333333,6.0,0.8889048686545206
L4,NO_GRAPH,1,100,3000,5,9.966666666666667,5.0,0.9773950986765757
L4,NO_GRAPH,1,150,3000,13,14.95,8.666666666666666,0.7475645935715993
L4,NO_GRAPH,1,200,3000,18,19.933333333333334,9.0,0.7176184512854871
L4,NO_GRAPH,1,250,3000,22,24.916666666666668,8.8,0.7711774539348193
L4,NO_GRAPH,2,50,3000,3,4.983333333333333,6.0,0.8889048686545206
L4,NO_GRAPH,2,100,3000,14,9.966666666666667,14.0,0.11771970514465943
L4,NO_GRAPH,2,150,3000,20,14.95,13.333333333333334,0.10456251745287815
L4,NO_GRAPH,2,200,3000,29,19.933333333333334,14.5,0.021987057364757465
L4,NO_GRAPH,2,250,3000,34,24.916666666666668,13.6,0.032951730870052265
L4,NO_GRAPH,3,50,3000,3,4.983333333333333,6.0,0.8889048686545206
L4,NO_GRAPH,3,100,3000,12,9.966666666666667,12.0,0.29072936174024455
L4,NO_GRAPH,3,150,3000,23,14.95,15.333333333333334,0.021782871725528497
L4,NO_GRAPH,3,200,3000,35,19.933333333333334,17.5,0.00046826251808417603
L4,NO_GRAPH,3,250,3000,39,24.916666666666668,15.6,0.002265999752811194
L4,NO_GRAPH,4,50,3000,3,4.983333333333333,6.0,0.8889048686545206
L4,NO_GRAPH,4,100,3000,9,9.966666666666667,9.0,0.6789503140853657
L4,NO_GRAPH,4,150,3000,16,14.95,10.666666666666666,0.4259797365617786
L4,NO_GRAPH,4,200,3000,20,19.933333333333334,10.0,0.5309263548523697
L4,NO_GRAPH,4,250,3000,22,24.916666666666668,8.8,0.7711774539348193
L4,MEAN_POOL,0,50,3000,17,4.983333333333333,34.0,2.8009406671002616e-06
L4,MEAN_POOL,0,100,3000,26,9.966666666666667,26.0,2.373731921644425e-06
L4,MEAN_POOL,0,150,3000,40,14.95,26.666666666666668,1.534131351209313e-09
L4,MEAN_POOL,0,200,3000,47,19.933333333333334,23.5,4.803400735787697e-09
L4,MEAN_POOL,0,250,3000,53,24.916666666666668,21.2,2.146429932259389e-08
L4,MEAN_POOL,1,50,3000,16,4.983333333333333,32.0,1.3495268272624371e-05
L4,MEAN_POOL,1,100,3000,27,9.966666666666667,27.0,6.627293109994023e-07
L4,MEAN_POOL,1,150,3000,44,14.95,29.333333333333332,6.046957800432283e-12
L4,MEAN_POOL,1,200,3000,51,19.933333333333334,25.5,3.7327120470869365e-11
L4,MEAN_POOL,1,250,3000,56,24.916666666666668,22.4,8.710376056898654e-10
L4,MEAN_POOL,2,50,3000,17,4.983333333333333,34.0,2.8009406671002616e-06
L4,MEAN_POOL,2,100,3000,27,9.966666666666667,27.0,6.627293109994023e-07
L4,MEAN_POOL,2,150,3000,38,14.95,25.333333333333332,1.9584243152602074e-08
L4,MEAN_POOL,2,200,3000,46,19.933333333333334,23.0,1.4977794788812377e-08
L4,MEAN_POOL,2,250,3000,51,24.916666666666668,20.4,1.5851706194544727e-07
L4,MEAN_POOL,3,50,3000,16,4.983333333333333,32.0,1.3495268272624371e-05
L4,MEAN_POOL,3,100,3000,27,9.966666666666667,27.0,6.627293109994023e-07
L4,MEAN_POOL,3,150,3000,39,14.95,26.0,5.585365731657353e-09
L4,MEAN_POOL,3,200,3000,47,19.933333333333334,23.5,4.803400735787697e-09
L4,MEAN_POOL,3,250,3000,52,24.916666666666668,20.8,5.9144112706749785e-08
L4,MEAN_POOL,4,50,3000,16,4.983333333333333,32.0,1.3495268272624371e-05
L4,MEAN_POOL,4,100,3000,29,9.966666666666667,29.0,4.4185812565271794e-08
L4,MEAN_POOL,4,150,3000,37,14.95,24.666666666666668,6.610310954547455e-08
L4,MEAN_POOL,4,200,3000,49,19.933333333333334,24.5,4.50095910732254e-10
L4,MEAN_POOL,4,250,3000,52,24.916666666666668,20.8,5.9144112706749785e-08
L4,NO_FILTER,0,50,3000,7,4.316666666666666,14.0,0.13510366642389127
L4,NO_FILTER,0,100,3000,23,8.633333333333333,23.0,7.405099001291418e-06
L4,NO_FILTER,0,150,3000,29,12.95,19.333333333333332,1.8267087289105797e-05
L4,NO_FILTER,0,200,3000,31,17.266666666666666,15.5,0.0007022295670223571
L4,NO_FILTER,0,250,3000,38,21.583333333333332,15.2,0.0002536364817694896
L4,NO_FILTER,1,50,3000,8,4.316666666666666,16.0,0.061718073191739976
L4,NO_FILTER,1,100,3000,21,8.633333333333333,21.0,8.032178019974184e-05
L4,NO_FILTER,1,150,3000,24,12.95,16.0,0.0018471348378183438
L4,NO_FILTER,1,200,3000,28,17.266666666666666,14.0,0.005920170781035404
L4,NO_FILTER,1,250,3000,40,21.583333333333332,16.0,5.2360784025095965e-05
L4,NO_FILTER,2,50,3000,8,4.316666666666666,16.0,0.061718073191739976
L4,NO_FILTER,2,100,3000,18,8.633333333333333,18.0,0.0018135324399992912
L4,NO_FILTER,2,150,3000,22,12.95,14.666666666666666,0.008343137330505682
L4,NO_FILTER,2,200,3000,26,17.266666666666666,13.0,0.01996221610975584
L4,NO_FILTER,2,250,3000,33,21.583333333333332,13.2,0.007239751092462777
L4,NO_FILTER,3,50,3000,8,4.316666666666666,16.0,0.061718073191739976
L4,NO_FILTER,3,100,3000,21,8.633333333333333,21.0,8.032178019974184e-05
L4,NO_FILTER,3,150,3000,31,12.95,20.666666666666668,2.093206457338098e-06
L4,NO_FILTER,3,200,3000,34,17.266666666666666,17.0,5.833519359874255e-05
L4,NO_FILTER,3,250,3000,37,21.583333333333332,14.8,0.0005309989300865345
L4,NO_FILTER,4,50,3000,9,4.316666666666666,18.0,0.024889326977235043
L4,NO_FILTER,4,100,3000,23,8.633333333333333,23.0,7.405099001291418e-06
L4,NO_FILTER,4,150,3000,24,12.95,16.0,0.0018471348378183438
L4,NO_FILTER,4,200,3000,30,17.266666666666666,15.0,0.0014880922510413152
L4,NO_FILTER,4,250,3000,38,21.583333333333332,15.2,0.0002536364817694896
L4,WILCOXON_FAIR,0,50,3000,9,4.983333333333333,18.0,0.055324859263610776
L4,WILCOXON_FAIR,0,100,3000,25,9.966666666666667,25.0,8.060588384528935e-06
L4,WILCOXON_FAIR,0,150,3000,36,14.95,24.0,2.1467427125302948e-07
L4,WILCOXON_FAIR,0,200,3000,44,19.933333333333334,22.0,1.324599136477995e-07
L4,WILCOXON_FAIR,0,250,3000,55,24.916666666666668,22.0,2.604198715521721e-09
L4,WILCOXON_FAIR,1,50,3000,9,4.983333333333333,18.0,0.055324859263610776
L4,WILCOXON_FAIR,1,100,3000,25,9.966666666666667,25.0,8.060588384528935e-06
L4,WILCOXON_FAIR,1,150,3000,36,14.95,24.0,2.1467427125302948e-07
L4,WILCOXON_FAIR,1,200,3000,44,19.933333333333334,22.0,1.324599136477995e-07
L4,WILCOXON_FAIR,1,250,3000,55,24.916666666666668,22.0,2.604198715521721e-09
L4,WILCOXON_FAIR,2,50,3000,9,4.983333333333333,18.0,0.055324859263610776
L4,WILCOXON_FAIR,2,100,3000,25,9.966666666666667,25.0,8.060588384528935e-06
L4,WILCOXON_FAIR,2,150,3000,36,14.95,24.0,2.1467427125302948e-07
L4,WILCOXON_FAIR,2,200,3000,44,19.933333333333334,22.0,1.324599136477995e-07
L4,WILCOXON_FAIR,2,250,3000,55,24.916666666666668,22.0,2.604198715521721e-09
L4,WILCOXON_FAIR,3,50,3000,9,4.983333333333333,18.0,0.055324859263610776
L4,WILCOXON_FAIR,3,100,3000,25,9.966666666666667,25.0,8.060588384528935e-06
L4,WILCOXON_FAIR,3,150,3000,36,14.95,24.0,2.1467427125302948e-07
L4,WILCOXON_FAIR,3,200,3000,44,19.933333333333334,22.0,1.324599136477995e-07
L4,WILCOXON_FAIR,3,250,3000,55,24.916666666666668,22.0,2.604198715521721e-09
L4,WILCOXON_FAIR,4,50,3000,9,4.983333333333333,18.0,0.055324859263610776
L4,WILCOXON_FAIR,4,100,3000,25,9.966666666666667,25.0,8.060588384528935e-06
L4,WILCOXON_FAIR,4,150,3000,36,14.95,24.0,2.1467427125302948e-07
L4,WILCOXON_FAIR,4,200,3000,44,19.933333333333334,22.0,1.324599136477995e-07
L4,WILCOXON_FAIR,4,250,3000,55,24.916666666666668,22.0,2.604198715521721e-09
L5/6,CELLS_AS_NODES,0,50,3000,8,4.616666666666666,16.0,0.08455995962537621
L5/6,CELLS_AS_NODES,0,100,3000,21,9.233333333333333,21.0,0.00021305329142658135
L5/6,CELLS_AS_NODES,0,150,3000,28,13.85,18.666666666666668,0.00016905624343104906
L5/6,CELLS_AS_NODES,0,200,3000,45,18.466666666666665,22.5,3.777570223837507e-09
L5/6,CELLS_AS_NODES,0,250,3000,48,23.083333333333332,19.2,2.421492375386198e-07
L5/6,CELLS_AS_NODES,1,50,3000,7,4.616666666666666,14.0,0.17331665660666076
L5/6,CELLS_AS_NODES,1,100,3000,16,9.233333333333333,16.0,0.019126860385779352
L5/6,CELLS_AS_NODES,1,150,3000,30,13.85,20.0,2.4811690445266695e-05
L5/6,CELLS_AS_NODES,1,200,3000,37,18.466666666666665,18.5,1.7297105195294066e-05
L5/6,CELLS_AS_NODES,1,250,3000,43,23.083333333333332,17.2,2.2901251271743955e-05
L5/6,CELLS_AS_NODES,2,50,3000,8,4.616666666666666,16.0,0.08455995962537621
L5/6,CELLS_AS_NODES,2,100,3000,18,9.233333333333333,18.0,0.0038359352887521263
L5/6,CELLS_AS_NODES,2,150,3000,27,13.85,18.0,0.0004126266707678553
L5/6,CELLS_AS_NODES,2,200,3000,37,18.466666666666665,18.5,1.7297105195294066e-05
L5/6,CELLS_AS_NODES,2,250,3000,46,23.083333333333332,18.4,1.6352780898726852e-06
L5/6,CELLS_AS_NODES,3,50,3000,9,4.616666666666666,18.0,0.03651514183571211
L5/6,CELLS_AS_NODES,3,100,3000,19,9.233333333333333,19.0,0.001557893844033733
L5/6,CELLS_AS_NODES,3,150,3000,27,13.85,18.0,0.0004126266707678553
L5/6,CELLS_AS_NODES,3,200,3000,38,18.466666666666665,19.0,6.800685588205193e-06
L5/6,CELLS_AS_NODES,3,250,3000,42,23.083333333333332,16.8,5.1908771969643095e-05
L5/6,CELLS_AS_NODES,4,50,3000,9,4.616666666666666,18.0,0.03651514183571211
L5/6,CELLS_AS_NODES,4,100,3000,14,9.233333333333333,14.0,0.07267885949679267
L5/6,CELLS_AS_NODES,4,150,3000,26,13.85,17.333333333333332,0.0009619983453290894
L5/6,CELLS_AS_NODES,4,200,3000,37,18.466666666666665,18.5,1.7297105195294066e-05
L5/6,CELLS_AS_NODES,4,250,3000,47,23.083333333333332,18.8,6.386714527387277e-07
L5/6,FULL,0,50,3000,16,4.616666666666666,32.0,4.9647519127328854e-06
L5/6,FULL,0,100,3000,30,9.233333333333333,30.0,1.6334286960493627e-09
L5/6,FULL,0,150,3000,37,13.85,24.666666666666668,7.916096556991633e-09
L5/6,FULL,0,200,3000,44,18.466666666666665,22.0,1.2181569344696644e-08
L5/6,FULL,0,250,3000,46,23.083333333333332,18.4,1.6352780898726852e-06
L5/6,FULL,1,50,3000,14,4.616666666666666,28.0,0.0001041519896945696
L5/6,FULL,1,100,3000,30,9.233333333333333,30.0,1.6334286960493627e-09
L5/6,FULL,1,150,3000,35,13.85,23.333333333333332,9.683159525068564e-08
L5/6,FULL,1,200,3000,36,18.466666666666665,18.0,4.2451969712636806e-05
L5/6,FULL,1,250,3000,40,23.083333333333332,16.0,0.00024268328586634467
L5/6,FULL,2,50,3000,16,4.616666666666666,32.0,4.9647519127328854e-06
L5/6,FULL,2,100,3000,31,9.233333333333333,31.0,3.389669967873701e-10
L5/6,FULL,2,150,3000,35,13.85,23.333333333333332,9.683159525068564e-08
L5/6,FULL,2,200,3000,38,18.466666666666665,19.0,6.800685588205193e-06
L5/6,FULL,2,250,3000,41,23.083333333333332,16.4,0.0001140299383656997
L5/6,FULL,3,50,3000,14,4.616666666666666,28.0,0.0001041519896945696
L5/6,FULL,3,100,3000,29,9.233333333333333,29.0,7.484530845314573e-09
L5/6,FULL,3,150,3000,37,13.85,24.666666666666668,7.916096556991633e-09
L5/6,FULL,3,200,3000,40,18.466666666666665,20.0,9.463294033256506e-07
L5/6,FULL,3,250,3000,50,23.083333333333332,20.0,3.18847616105296e-08
L5/6,FULL,4,50,3000,15,4.616666666666666,30.0,2.3826822438129168e-05
L5/6,FULL,4,100,3000,30,9.233333333333333,30.0,1.6334286960493627e-09
L5/6,FULL,4,150,3000,33,13.85,22.0,1.0085951350109447e-06
L5/6,FULL,4,200,3000,39,18.466666666666665,19.5,2.5813229314580687e-06
L5/6,FULL,4,250,3000,41,23.083333333333332,16.4,0.0001140299383656997
L5/6,NO_GRAPH,0,50,3000,2,4.616666666666666,4.0,0.9533316925586888
L5/6,NO_GRAPH,0,100,3000,7,9.233333333333333,7.0,0.8312003871956567
L5/6,NO_GRAPH,0,150,3000,15,13.85,10.0,0.41207765739181423
L5/6,NO_GRAPH,0,200,3000,20,18.466666666666665,10.0,0.38633974367985385
L5/6,NO_GRAPH,0,250,3000,27,23.083333333333332,10.8,0.21477152639091182
L5/6,NO_GRAPH,1,50,3000,3,4.616666666666666,6.0,0.8544517928123818
L5/6,NO_GRAPH,1,100,3000,6,9.233333333333333,6.0,0.9123411301207146
L5/6,NO_GRAPH,1,150,3000,10,13.85,6.666666666666667,0.900667612317982
L5/6,NO_GRAPH,1,200,3000,12,18.466666666666665,6.0,0.9671163797767609
L5/6,NO_GRAPH,1,250,3000,15,23.083333333333332,6.0,0.9797969382771874
L5/6,NO_GRAPH,2,50,3000,3,4.616666666666666,6.0,0.8544517928123818
L5/6,NO_GRAPH,2,100,3000,6,9.233333333333333,6.0,0.9123411301207146
L5/6,NO_GRAPH,2,150,3000,16,13.85,10.666666666666666,0.306933194149072
L5/6,NO_GRAPH,2,200,3000,19,18.466666666666665,9.5,0.4846826761444706
L5/6,NO_GRAPH,2,250,3000,22,23.083333333333332,8.8,0.6324409963626644
L5/6,NO_GRAPH,3,50,3000,3,4.616666666666666,6.0,0.8544517928123818
L5/6,NO_GRAPH,3,100,3000,9,9.233333333333333,9.0,0.5849831331500482
L5/6,NO_GRAPH,3,150,3000,18,13.85,12.0,0.1458427310967
L5/6,NO_GRAPH,3,200,3000,27,18.466666666666665,13.5,0.025316250839676237
L5/6,NO_GRAPH,3,250,3000,33,23.083333333333332,13.2,0.019187312568174443
L5/6,NO_GRAPH,4,50,3000,3,4.616666666666666,6.0,0.8544517928123818
L5/6,NO_GRAPH,4,100,3000,6,9.233333333333333,6.0,0.9123411301207146
L5/6,NO_GRAPH,4,150,3000,11,13.85,7.333333333333333,0.8336505449518626
L5/6,NO_GRAPH,4,200,3000,15,18.466666666666665,7.5,0.8423938914737616
L5/6,NO_GRAPH,4,250,3000,18,23.083333333333332,7.2,0.90206982538308
L5/6,MEAN_POOL,0,50,3000,11,4.616666666666666,22.0,0.004817662824593761
L5/6,MEAN_POOL,0,100,3000,22,9.233333333333333,22.0,7.195922378433725e-05
L5/6,MEAN_POOL,0,150,3000,31,13.85,20.666666666666668,8.901813866321311e-06
L5/6,MEAN_POOL,0,200,3000,41,18.466666666666665,20.5,3.352322319349172e-07
L5/6,MEAN_POOL,0,250,3000,49,23.083333333333332,19.6,8.915421053467741e-08
L5/6,MEAN_POOL,1,50,3000,11,4.616666666666666,22.0,0.004817662824593761
L5/6,MEAN_POOL,1,100,3000,24,9.233333333333333,24.0,6.895105033482924e-06
L5/6,MEAN_POOL,1,150,3000,29,13.85,19.333333333333332,6.621405854876733e-05
L5/6,MEAN_POOL,1,200,3000,40,18.466666666666665,20.0,9.463294033256506e-07
L5/6,MEAN_POOL,1,250,3000,53,23.083333333333332,21.2,1.228672192511161e-09
L5/6,MEAN_POOL,2,50,3000,11,4.616666666666666,22.0,0.004817662824593761
L5/6,MEAN_POOL,2,100,3000,20,9.233333333333333,20.0,0.0005940896246837776
L5/6,MEAN_POOL,2,150,3000,33,13.85,22.0,1.0085951350109447e-06
L5/6,MEAN_POOL,2,200,3000,41,18.466666666666665,20.5,3.352322319349172e-07
L5/6,MEAN_POOL,2,250,3000,50,23.083333333333332,20.0,3.18847616105296e-08
L5/6,MEAN_POOL,3,50,3000,11,4.616666666666666,22.0,0.004817662824593761
L5/6,MEAN_POOL,3,100,3000,23,9.233333333333333,23.0,2.292182175655338e-05
L5/6,MEAN_POOL,3,150,3000,30,13.85,20.0,2.4811690445266695e-05
L5/6,MEAN_POOL,3,200,3000,40,18.466666666666665,20.0,9.463294033256506e-07
L5/6,MEAN_POOL,3,250,3000,51,23.083333333333332,20.4,1.1079812698156638e-08
L5/6,MEAN_POOL,4,50,3000,11,4.616666666666666,22.0,0.004817662824593761
L5/6,MEAN_POOL,4,100,3000,22,9.233333333333333,22.0,7.195922378433725e-05
L5/6,MEAN_POOL,4,150,3000,30,13.85,20.0,2.4811690445266695e-05
L5/6,MEAN_POOL,4,200,3000,40,18.466666666666665,20.0,9.463294033256506e-07
L5/6,MEAN_POOL,4,250,3000,49,23.083333333333332,19.6,8.915421053467741e-08
L5/6,NO_FILTER,0,50,3000,14,3.7666666666666666,28.0,1.0316046770036694e-05
L5/6,NO_FILTER,0,100,3000,26,7.533333333333333,26.0,7.499223280133408e-09
L5/6,NO_FILTER,0,150,3000,34,11.3,22.666666666666668,1.5692167959062824e-09
L5/6,NO_FILTER,0,200,3000,43,15.066666666666666,21.5,4.749055071305354e-11
L5/6,NO_FILTER,0,250,3000,46,18.833333333333332,18.4,2.388723945334713e-09
L5/6,NO_FILTER,1,50,3000,14,3.7666666666666666,28.0,1.0316046770036694e-05
L5/6,NO_FILTER,1,100,3000,27,7.533333333333333,27.0,1.5020310483719995e-09
L5/6,NO_FILTER,1,150,3000,36,11.3,24.0,8.407633114450264e-11
L5/6,NO_FILTER,1,200,3000,40,15.066666666666666,20.0,2.56661100394213e-09
L5/6,NO_FILTER,1,250,3000,43,18.833333333333332,17.2,7.314944347527579e-08
L5/6,NO_FILTER,2,50,3000,15,3.7666666666666666,30.0,1.8783564351857852e-06
L5/6,NO_FILTER,2,100,3000,25,7.533333333333333,25.0,3.542644680714173e-08
L5/6,NO_FILTER,2,150,3000,33,11.3,22.0,6.3651815733796796e-09
L5/6,NO_FILTER,2,200,3000,36,15.066666666666666,18.0,3.1675865107072086e-07
L5/6,NO_FILTER,2,250,3000,40,18.833333333333332,16.0,1.669071765808901e-06
L5/6,NO_FILTER,3,50,3000,15,3.7666666666666666,30.0,1.8783564351857852e-06
L5/6,NO_FILTER,3,100,3000,26,7.533333333333333,26.0,7.499223280133408e-09
L5/6,NO_FILTER,3,150,3000,35,11.3,23.333333333333332,3.708624312786695e-10
L5/6,NO_FILTER,3,200,3000,43,15.066666666666666,21.5,4.749055071305354e-11
L5/6,NO_FILTER,3,250,3000,48,18.833333333333332,19.2,2.0827501231198034e-10
L5/6,NO_FILTER,4,50,3000,16,3.7666666666666666,32.0,3.109607278575102e-07
L5/6,NO_FILTER,4,100,3000,26,7.533333333333333,26.0,7.499223280133408e-09
L5/6,NO_FILTER,4,150,3000,34,11.3,22.666666666666668,1.5692167959062824e-09
L5/6,NO_FILTER,4,200,3000,43,15.066666666666666,21.5,4.749055071305354e-11
L5/6,NO_FILTER,4,250,3000,46,18.833333333333332,18.4,2.388723945334713e-09
L5/6,WILCOXON_FAIR,0,50,3000,3,4.616666666666666,6.0,0.8544517928123818
L5/6,WILCOXON_FAIR,0,100,3000,15,9.233333333333333,15.0,0.03860391570019526
L5/6,WILCOXON_FAIR,0,150,3000,21,13.85,14.0,0.03233986382525331
L5/6,WILCOXON_FAIR,0,200,3000,32,18.466666666666665,16.0,0.0010673074825730822
L5/6,WILCOXON_FAIR,0,250,3000,39,23.083333333333332,15.6,0.0005002051802222499
L5/6,WILCOXON_FAIR,1,50,3000,3,4.616666666666666,6.0,0.8544517928123818
L5/6,WILCOXON_FAIR,1,100,3000,15,9.233333333333333,15.0,0.03860391570019526
L5/6,WILCOXON_FAIR,1,150,3000,21,13.85,14.0,0.03233986382525331
L5/6,WILCOXON_FAIR,1,200,3000,32,18.466666666666665,16.0,0.0010673074825730822
L5/6,WILCOXON_FAIR,1,250,3000,39,23.083333333333332,15.6,0.0005002051802222499
L5/6,WILCOXON_FAIR,2,50,3000,3,4.616666666666666,6.0,0.8544517928123818
L5/6,WILCOXON_FAIR,2,100,3000,15,9.233333333333333,15.0,0.03860391570019526
L5/6,WILCOXON_FAIR,2,150,3000,21,13.85,14.0,0.03233986382525331
L5/6,WILCOXON_FAIR,2,200,3000,32,18.466666666666665,16.0,0.0010673074825730822
L5/6,WILCOXON_FAIR,2,250,3000,39,23.083333333333332,15.6,0.0005002051802222499
L5/6,WILCOXON_FAIR,3,50,3000,3,4.616666666666666,6.0,0.8544517928123818
L5/6,WILCOXON_FAIR,3,100,3000,15,9.233333333333333,15.0,0.03860391570019526
L5/6,WILCOXON_FAIR,3,150,3000,21,13.85,14.0,0.03233986382525331
L5/6,WILCOXON_FAIR,3,200,3000,32,18.466666666666665,16.0,0.0010673074825730822
L5/6,WILCOXON_FAIR,3,250,3000,39,23.083333333333332,15.6,0.0005002051802222499
L5/6,WILCOXON_FAIR,4,50,3000,3,4.616666666666666,6.0,0.8544517928123818
L5/6,WILCOXON_FAIR,4,100,3000,15,9.233333333333333,15.0,0.03860391570019526
L5/6,WILCOXON_FAIR,4,150,3000,21,13.85,14.0,0.03233986382525331
L5/6,WILCOXON_FAIR,4,200,3000,32,18.466666666666665,16.0,0.0010673074825730822
L5/6,WILCOXON_FAIR,4,250,3000,39,23.083333333333332,15.6,0.0005002051802222499
L5/6-CC,CELLS_AS_NODES,0,50,3000,14,4.516666666666667,28.0,8.180427986579925e-05
L5/6-CC,CELLS_AS_NODES,0,100,3000,27,9.033333333333333,27.0,8.4457552000042e-08
L5/6-CC,CELLS_AS_NODES,0,150,3000,36,13.55,24.0,1.5535816684139686e-08
L5/6-CC,CELLS_AS_NODES,0,200,3000,44,18.066666666666666,22.0,6.0067275576721445e-09
L5/6-CC,CELLS_AS_NODES,0,250,3000,51,22.583333333333332,20.4,5.013831105142368e-09
L5/6-CC,CELLS_AS_NODES,1,50,3000,11,4.516666666666667,22.0,0.004067051704691255
L5/6-CC,CELLS_AS_NODES,1,100,3000,25,9.033333333333333,25.0,1.2950353104121043e-06
L5/6-CC,CELLS_AS_NODES,1,150,3000,36,13.55,24.0,1.5535816684139686e-08
L5/6-CC,CELLS_AS_NODES,1,200,3000,47,18.066666666666666,23.5,1.4950053281592067e-10
L5/6-CC,CELLS_AS_NODES,1,250,3000,52,22.583333333333332,20.8,1.645346878687323e-09
L5/6-CC,CELLS_AS_NODES,2,50,3000,11,4.516666666666667,22.0,0.004067051704691255
L5/6-CC,CELLS_AS_NODES,2,100,3000,21,9.033333333333333,21.0,0.00015569287667883353
L5/6-CC,CELLS_AS_NODES,2,150,3000,31,13.55,20.666666666666668,5.592906942100672e-06
L5/6-CC,CELLS_AS_NODES,2,200,3000,41,18.066666666666666,20.5,1.7958786969756944e-07
L5/6-CC,CELLS_AS_NODES,2,250,3000,48,22.583333333333332,19.2,1.1934147660258563e-07
L5/6-CC,CELLS_AS_NODES,3,50,3000,10,4.516666666666667,20.0,0.012121816328234192
L5/6-CC,CELLS_AS_NODES,3,100,3000,24,9.033333333333333,24.0,4.671421935048583e-06
L5/6-CC,CELLS_AS_NODES,3,150,3000,33,13.55,22.0,6.011804130350303e-07
L5/6-CC,CELLS_AS_NODES,3,200,3000,43,18.066666666666666,21.5,1.927522609034304e-08
L5/6-CC,CELLS_AS_NODES,3,250,3000,52,22.583333333333332,20.8,1.645346878687323e-09
L5/6-CC,CELLS_AS_NODES,4,50,3000,17,4.516666666666667,34.0,6.88805425584202e-07
L5/6-CC,CELLS_AS_NODES,4,100,3000,26,9.033333333333333,26.0,3.3977487759106334e-07
L5/6-CC,CELLS_AS_NODES,4,150,3000,37,13.55,24.666666666666668,4.23883219855041e-09
L5/6-CC,CELLS_AS_NODES,4,200,3000,45,18.066666666666666,22.5,1.8114198740742227e-09
L5/6-CC,CELLS_AS_NODES,4,250,3000,53,22.583333333333332,21.2,5.248393304834974e-10
L5/6-CC,FULL,0,50,3000,8,4.516666666666667,16.0,0.07644458364362643
L5/6-CC,FULL,0,100,3000,20,9.033333333333333,20.0,0.000445048836318976
L5/6-CC,FULL,0,150,3000,25,13.55,16.666666666666668,0.001567831835979294
L5/6-CC,FULL,0,200,3000,33,18.066666666666666,16.5,0.0003343929649934848
L5/6-CC,FULL,0,250,3000,38,22.583333333333332,15.2,0.0006465349359499154
L5/6-CC,FULL,1,50,3000,9,4.516666666666667,18.0,0.032284972232820806
L5/6-CC,FULL,1,100,3000,21,9.033333333333333,21.0,0.00015569287667883353
L5/6-CC,FULL,1,150,3000,29,13.55,19.333333333333332,4.382052177835958e-05
L5/6-CC,FULL,1,200,3000,33,18.066666666666666,16.5,0.0003343929649934848
L5/6-CC,FULL,1,250,3000,39,22.583333333333332,15.6,0.0003155538560159634
L5/6-CC,FULL,2,50,3000,9,4.516666666666667,18.0,0.032284972232820806
L5/6-CC,FULL,2,100,3000,19,9.033333333333333,19.0,0.0011960815005231083
L5/6-CC,FULL,2,150,3000,24,13.55,16.0,0.0034098652407860606
L5/6-CC,FULL,2,200,3000,29,18.066666666666666,14.5,0.0058999678681137405
L5/6-CC,FULL,2,250,3000,37,22.583333333333332,14.8,0.0012816823291396516
L5/6-CC,FULL,3,50,3000,9,4.516666666666667,18.0,0.032284972232820806
L5/6-CC,FULL,3,100,3000,19,9.033333333333333,19.0,0.0011960815005231083
L5/6-CC,FULL,3,150,3000,25,13.55,16.666666666666668,0.001567831835979294
L5/6-CC,FULL,3,200,3000,29,18.066666666666666,14.5,0.0058999678681137405
L5/6-CC,FULL,3,250,3000,38,22.583333333333332,15.2,0.0006465349359499154
L5/6-CC,FULL,4,50,3000,9,4.516666666666667,18.0,0.032284972232820806
L5/6-CC,FULL,4,100,3000,21,9.033333333333333,21.0,0.00015569287667883353
L5/6-CC,FULL,4,150,3000,24,13.55,16.0,0.0034098652407860606
L5/6-CC,FULL,4,200,3000,27,18.066666666666666,13.5,0.019522355412620693
L5/6-CC,FULL,4,250,3000,32,22.583333333333332,12.8,0.0236186812368906
L5/6-CC,NO_GRAPH,0,50,3000,2,4.516666666666667,4.0,0.948892864751084
L5/6-CC,NO_GRAPH,0,100,3000,5,9.033333333333333,5.0,0.9562188770441866
L5/6-CC,NO_GRAPH,0,150,3000,12,13.55,8.0,0.7174395197667335
L5/6-CC,NO_GRAPH,0,200,3000,14,18.066666666666666,7.0,0.8809781404829139
L5/6-CC,NO_GRAPH,0,250,3000,15,22.583333333333332,6.0,0.973973099107988
L5/6-CC,NO_GRAPH,1,50,3000,2,4.516666666666667,4.0,0.948892864751084
L5/6-CC,NO_GRAPH,1,100,3000,7,9.033333333333333,7.0,0.8136264992459376
L5/6-CC,NO_GRAPH,1,150,3000,11,13.55,7.333333333333333,0.811827298426218
L5/6-CC,NO_GRAPH,1,200,3000,17,18.066666666666666,8.5,0.6457792755446957
L5/6-CC,NO_GRAPH,1,250,3000,23,22.583333333333332,9.2,0.497130857755199
L5/6-CC,NO_GRAPH,2,50,3000,1,4.516666666666667,2.0,0.9915608673772585
L5/6-CC,NO_GRAPH,2,100,3000,6,9.033333333333333,6.0,0.9013409439139453
L5/6-CC,NO_GRAPH,2,150,3000,9,13.55,6.0,0.9369972694263334
L5/6-CC,NO_GRAPH,2,200,3000,14,18.066666666666666,7.0,0.8809781404829139
L5/6-CC,NO_GRAPH,2,250,3000,20,22.583333333333332,8.0,0.7571960700003745
L5/6-CC,NO_GRAPH,3,50,3000,1,4.516666666666667,2.0,0.9915608673772585
L5/6-CC,NO_GRAPH,3,100,3000,5,9.033333333333333,5.0,0.9562188770441866
L5/6-CC,NO_GRAPH,3,150,3000,14,13.55,9.333333333333334,0.491353291534205
L5/6-CC,NO_GRAPH,3,200,3000,19,18.066666666666666,9.5,0.44411409266148666
L5/6-CC,NO_GRAPH,3,250,3000,22,22.583333333333332,8.8,0.5888614655878114
L5/6-CC,NO_GRAPH,4,50,3000,3,4.516666666666667,6.0,0.8436154170180951
L5/6-CC,NO_GRAPH,4,100,3000,4,9.033333333333333,4.0,0.9844157551389618
L5/6-CC,NO_GRAPH,4,150,3000,8,13.55,5.333333333333333,0.9691645247832833
L5/6-CC,NO_GRAPH,4,200,3000,10,18.066666666666666,5.0,0.9903212988434629
L5/6-CC,NO_GRAPH,4,250,3000,15,22.583333333333332,6.0,0.973973099107988
L5/6-CC,MEAN_POOL,0,50,3000,10,4.516666666666667,20.0,0.012121816328234192
L5/6-CC,MEAN_POOL,0,100,3000,20,9.033333333333333,20.0,0.000445048836318976
L5/6-CC,MEAN_POOL,0,150,3000,27,13.55,18.0,0.0002874161795857463
L5/6-CC,MEAN_POOL,0,200,3000,33,18.066666666666666,16.5,0.0003343929649934848
L5/6-CC,MEAN_POOL,0,250,3000,41,22.583333333333332,16.4,6.81861104156916e-05
L5/6-CC,MEAN_POOL,1,50,3000,10,4.516666666666667,20.0,0.012121816328234192
L5/6-CC,MEAN_POOL,1,100,3000,20,9.033333333333333,20.0,0.000445048836318976
L5/6-CC,MEAN_POOL,1,150,3000,25,13.55,16.666666666666668,0.001567831835979294
L5/6-CC,MEAN_POOL,1,200,3000,31,18.066666666666666,15.5,0.001518676974903707
L5/6-CC,MEAN_POOL,1,250,3000,40,22.583333333333332,16.0,0.0001490690448673353
L5/6-CC,MEAN_POOL,2,50,3000,10,4.516666666666667,20.0,0.012121816328234192
L5/6-CC,MEAN_POOL,2,100,3000,20,9.033333333333333,20.0,0.000445048836318976
L5/6-CC,MEAN_POOL,2,150,3000,25,13.55,16.666666666666668,0.001567831835979294
L5/6-CC,MEAN_POOL,2,200,3000,32,18.066666666666666,16.0,0.0007264734097006042
L5/6-CC,MEAN_POOL,2,250,3000,40,22.583333333333332,16.0,0.0001490690448673353
L5/6-CC,MEAN_POOL,3,50,3000,10,4.516666666666667,20.0,0.012121816328234192
L5/6-CC,MEAN_POOL,3,100,3000,20,9.033333333333333,20.0,0.000445048836318976
L5/6-CC,MEAN_POOL,3,150,3000,27,13.55,18.0,0.0002874161795857463
L5/6-CC,MEAN_POOL,3,200,3000,33,18.066666666666666,16.5,0.0003343929649934848
L5/6-CC,MEAN_POOL,3,250,3000,41,22.583333333333332,16.4,6.81861104156916e-05
L5/6-CC,MEAN_POOL,4,50,3000,10,4.516666666666667,20.0,0.012121816328234192
L5/6-CC,MEAN_POOL,4,100,3000,21,9.033333333333333,21.0,0.00015569287667883353
L5/6-CC,MEAN_POOL,4,150,3000,28,13.55,18.666666666666668,0.00011479358097876436
L5/6-CC,MEAN_POOL,4,200,3000,34,18.066666666666666,17.0,0.0001481888392408736
L5/6-CC,MEAN_POOL,4,250,3000,42,22.583333333333332,16.8,3.0210586313395408e-05
L5/6-CC,NO_FILTER,0,50,3000,10,3.8,20.0,0.003607582175282049
L5/6-CC,NO_FILTER,0,100,3000,15,7.6,15.0,0.007528416599573638
L5/6-CC,NO_FILTER,0,150,3000,21,11.4,14.0,0.003908305561307276
L5/6-CC,NO_FILTER,0,200,3000,28,15.2,14.0,0.0008666112717050266
L5/6-CC,NO_FILTER,0,250,3000,32,19.0,12.8,0.0017627160937509175
L5/6-CC,NO_FILTER,1,50,3000,9,3.8,18.0,0.011524097843573906
L5/6-CC,NO_FILTER,1,100,3000,15,7.6,15.0,0.007528416599573638
L5/6-CC,NO_FILTER,1,150,3000,25,11.4,16.666666666666668,0.00010798723300562895
L5/6-CC,NO_FILTER,1,200,3000,31,15.2,15.5,6.576230309589472e-05
L5/6-CC,NO_FILTER,1,250,3000,36,19.0,14.4,8.120301333306186e-05
L5/6-CC,NO_FILTER,2,50,3000,9,3.8,18.0,0.011524097843573906
L5/6-CC,NO_FILTER,2,100,3000,14,7.6,14.0,0.017382979707804565
L5/6-CC,NO_FILTER,2,150,3000,20,11.4,13.333333333333334,0.008392413570544446
L5/6-CC,NO_FILTER,2,200,3000,25,15.2,12.5,0.007748663183889586
L5/6-CC,NO_FILTER,2,250,3000,27,19.0,10.8,0.03524204090187422
L5/6-CC,NO_FILTER,3,50,3000,9,3.8,18.0,0.011524097843573906
L5/6-CC,NO_FILTER,3,100,3000,13,7.6,13.0,0.03719431310111736
L5/6-CC,NO_FILTER,3,150,3000,21,11.4,14.0,0.003908305561307276
L5/6-CC,NO_FILTER,3,200,3000,28,15.2,14.0,0.0008666112717050266
L5/6-CC,NO_FILTER,3,250,3000,33,19.0,13.2,0.0008630569145039645
L5/6-CC,NO_FILTER,4,50,3000,10,3.8,20.0,0.003607582175282049
L5/6-CC,NO_FILTER,4,100,3000,15,7.6,15.0,0.007528416599573638
L5/6-CC,NO_FILTER,4,150,3000,22,11.4,14.666666666666666,0.0017237339062656956
L5/6-CC,NO_FILTER,4,200,3000,29,15.2,14.5,0.0003826763560239294
L5/6-CC,NO_FILTER,4,250,3000,32,19.0,12.8,0.0017627160937509175
L5/6-CC,WILCOXON_FAIR,0,50,3000,9,4.516666666666667,18.0,0.032284972232820806
L5/6-CC,WILCOXON_FAIR,0,100,3000,18,9.033333333333333,18.0,0.0030174425051234313
L5/6-CC,WILCOXON_FAIR,0,150,3000,22,13.55,14.666666666666666,0.01392398135719575
L5/6-CC,WILCOXON_FAIR,0,200,3000,32,18.066666666666666,16.0,0.0007264734097006042
L5/6-CC,WILCOXON_FAIR,0,250,3000,35,22.583333333333332,14.0,0.004555356625785914
L5/6-CC,WILCOXON_FAIR,1,50,3000,9,4.516666666666667,18.0,0.032284972232820806
L5/6-CC,WILCOXON_FAIR,1,100,3000,18,9.033333333333333,18.0,0.0030174425051234313
L5/6-CC,WILCOXON_FAIR,1,150,3000,22,13.55,14.666666666666666,0.01392398135719575
L5/6-CC,WILCOXON_FAIR,1,200,3000,32,18.066666666666666,16.0,0.0007264734097006042
L5/6-CC,WILCOXON_FAIR,1,250,3000,35,22.583333333333332,14.0,0.004555356625785914
L5/6-CC,WILCOXON_FAIR,2,50,3000,9,4.516666666666667,18.0,0.032284972232820806
L5/6-CC,WILCOXON_FAIR,2,100,3000,18,9.033333333333333,18.0,0.0030174425051234313
L5/6-CC,WILCOXON_FAIR,2,150,3000,22,13.55,14.666666666666666,0.01392398135719575
L5/6-CC,WILCOXON_FAIR,2,200,3000,32,18.066666666666666,16.0,0.0007264734097006042
L5/6-CC,WILCOXON_FAIR,2,250,3000,35,22.583333333333332,14.0,0.004555356625785914
L5/6-CC,WILCOXON_FAIR,3,50,3000,9,4.516666666666667,18.0,0.032284972232820806
L5/6-CC,WILCOXON_FAIR,3,100,3000,18,9.033333333333333,18.0,0.0030174425051234313
L5/6-CC,WILCOXON_FAIR,3,150,3000,22,13.55,14.666666666666666,0.01392398135719575
L5/6-CC,WILCOXON_FAIR,3,200,3000,32,18.066666666666666,16.0,0.0007264734097006042
L5/6-CC,WILCOXON_FAIR,3,250,3000,35,22.583333333333332,14.0,0.004555356625785914
L5/6-CC,WILCOXON_FAIR,4,50,3000,9,4.516666666666667,18.0,0.032284972232820806
L5/6-CC,WILCOXON_FAIR,4,100,3000,18,9.033333333333333,18.0,0.0030174425051234313
L5/6-CC,WILCOXON_FAIR,4,150,3000,22,13.55,14.666666666666666,0.01392398135719575
L5/6-CC,WILCOXON_FAIR,4,200,3000,32,18.066666666666666,16.0,0.0007264734097006042
L5/6-CC,WILCOXON_FAIR,4,250,3000,35,22.583333333333332,14.0,0.004555356625785914
Microglia,CELLS_AS_NODES,0,50,3000,6,6.766666666666667,12.0,0.6880738354231315
Microglia,CELLS_AS_NODES,0,100,3000,13,13.533333333333333,13.0,0.6086412113203448
Microglia,CELLS_AS_NODES,0,150,3000,14,20.3,9.333333333333334,0.9576129004298697
Microglia,CELLS_AS_NODES,0,200,3000,23,27.066666666666666,11.5,0.8356395454244774
Microglia,CELLS_AS_NODES,0,250,3000,26,33.833333333333336,10.4,0.950054118037936
Microglia,CELLS_AS_NODES,1,50,3000,7,6.766666666666667,14.0,0.5244514807098029
Microglia,CELLS_AS_NODES,1,100,3000,10,13.533333333333333,10.0,0.8884709324919176
Microglia,CELLS_AS_NODES,1,150,3000,18,20.3,12.0,0.748932128844435
Microglia,CELLS_AS_NODES,1,200,3000,25,27.066666666666666,12.5,0.7029949775505508
Microglia,CELLS_AS_NODES,1,250,3000,27,33.833333333333336,10.8,0.9249031567038482
Microglia,CELLS_AS_NODES,2,50,3000,5,6.766666666666667,10.0,0.8268060065017638
Microglia,CELLS_AS_NODES,2,100,3000,12,13.533333333333333,12.0,0.7198271861362788
Microglia,CELLS_AS_NODES,2,150,3000,16,20.3,10.666666666666666,0.8826235071641846
Microglia,CELLS_AS_NODES,2,200,3000,23,27.066666666666666,11.5,0.8356395454244774
Microglia,CELLS_AS_NODES,2,250,3000,29,33.833333333333336,11.6,0.848905119721924
Microglia,CELLS_AS_NODES,3,50,3000,4,6.766666666666667,8.0,0.9224225715243235
Microglia,CELLS_AS_NODES,3,100,3000,8,13.533333333333333,8.0,0.970794240736442
Microglia,CELLS_AS_NODES,3,150,3000,12,20.3,8.0,0.9887268565472614
Microglia,CELLS_AS_NODES,3,200,3000,20,27.066666666666666,10.0,0.9517830356328787
Microglia,CELLS_AS_NODES,3,250,3000,24,33.833333333333336,9.6,0.980535179291155
Microglia,CELLS_AS_NODES,4,50,3000,5,6.766666666666667,10.0,0.8268060065017638
Microglia,CELLS_AS_NODES,4,100,3000,11,13.533333333333333,11.0,0.8149369752036888
Microglia,CELLS_AS_NODES,4,150,3000,17,20.3,11.333333333333334,0.8231822264138591
Microglia,CELLS_AS_NODES,4,200,3000,21,27.066666666666666,10.5,0.9237717719544016
Microglia,CELLS_AS_NODES,4,250,3000,27,33.833333333333336,10.8,0.9249031567038482
Microglia,FULL,0,50,3000,5,6.766666666666667,10.0,0.8268060065017638
Microglia,FULL,0,100,3000,14,13.533333333333333,14.0,0.49035579145540986
Microglia,FULL,0,150,3000,18,20.3,12.0,0.748932128844435
Microglia,FULL,0,200,3000,24,27.066666666666666,12.0,0.7744613064470274
Microglia,FULL,0,250,3000,33,33.833333333333336,13.2,0.5944245723678887
Microglia,FULL,1,50,3000,3,6.766666666666667,6.0,0.9738730773429142
Microglia,FULL,1,100,3000,8,13.533333333333333,8.0,0.970794240736442
Microglia,FULL,1,150,3000,16,20.3,10.666666666666666,0.8826235071641846
Microglia,FULL,1,200,3000,27,27.066666666666666,13.5,0.5393505732683471
Microglia,FULL,1,250,3000,43,33.833333333333336,17.2,0.05020870920982187
Microglia,FULL,2,50,3000,2,6.766666666666667,4.0,0.9941460411919164
Microglia,FULL,2,100,3000,7,13.533333333333333,7.0,0.9877081607198356
Microglia,FULL,2,150,3000,16,20.3,10.666666666666666,0.8826235071641846
Microglia,FULL,2,200,3000,28,27.066666666666666,14.0,0.45418771497254734
Microglia,FULL,2,250,3000,35,33.833333333333336,14.0,0.4411884842061536
Microglia,FULL,3,50,3000,5,6.766666666666667,10.0,0.8268060065017638
Microglia,FULL,3,100,3000,13,13.533333333333333,13.0,0.6086412113203448
Microglia,FULL,3,150,3000,18,20.3,12.0,0.748932128844435
Microglia,FULL,3,200,3000,30,27.066666666666666,15.0,0.29566365537985195
Microglia,FULL,3,250,3000,40,33.833333333333336,16.0,0.13757003599854345
Microglia,FULL,4,50,3000,6,6.766666666666667,12.0,0.6880738354231315
Microglia,FULL,4,100,3000,13,13.533333333333333,13.0,0.6086412113203448
Microglia,FULL,4,150,3000,18,20.3,12.0,0.748932128844435
Microglia,FULL,4,200,3000,24,27.066666666666666,12.0,0.7744613064470274
Microglia,FULL,4,250,3000,33,33.833333333333336,13.2,0.5944245723678887
Microglia,NO_GRAPH,0,50,3000,3,6.766666666666667,6.0,0.9738730773429142
Microglia,NO_GRAPH,0,100,3000,11,13.533333333333333,11.0,0.8149369752036888
Microglia,NO_GRAPH,0,150,3000,13,20.3,8.666666666666666,0.977212821901894
Microglia,NO_GRAPH,0,200,3000,22,27.066666666666666,11.0,0.885396092167739
Microglia,NO_GRAPH,0,250,3000,29,33.833333333333336,11.6,0.848905119721924
Microglia,NO_GRAPH,1,50,3000,3,6.766666666666667,6.0,0.9738730773429142
Microglia,NO_GRAPH,1,100,3000,11,13.533333333333333,11.0,0.8149369752036888
Microglia,NO_GRAPH,1,150,3000,14,20.3,9.333333333333334,0.9576129004298697
Microglia,NO_GRAPH,1,200,3000,23,27.066666666666666,11.5,0.8356395454244774
Microglia,NO_GRAPH,1,250,3000,30,33.833333333333336,12.0,0.7970118206438804
Microglia,NO_GRAPH,2,50,3000,3,6.766666666666667,6.0,0.9738730773429142
Microglia,NO_GRAPH,2,100,3000,10,13.533333333333333,10.0,0.8884709324919176
Microglia,NO_GRAPH,2,150,3000,14,20.3,9.333333333333334,0.9576129004298697
Microglia,NO_GRAPH,2,200,3000,20,27.066666666666666,10.0,0.9517830356328787
Microglia,NO_GRAPH,2,250,3000,30,33.833333333333336,12.0,0.7970118206438804
Microglia,NO_GRAPH,3,50,3000,3,6.766666666666667,6.0,0.9738730773429142
Microglia,NO_GRAPH,3,100,3000,10,13.533333333333333,10.0,0.8884709324919176
Microglia,NO_GRAPH,3,150,3000,16,20.3,10.666666666666666,0.8826235071641846
Microglia,NO_GRAPH,3,200,3000,22,27.066666666666666,11.0,0.885396092167739
Microglia,NO_GRAPH,3,250,3000,28,33.833333333333336,11.2,0.8914612611330223
Microglia,NO_GRAPH,4,50,3000,3,6.766666666666667,6.0,0.9738730773429142
Microglia,NO_GRAPH,4,100,3000,10,13.533333333333333,10.0,0.8884709324919176
Microglia,NO_GRAPH,4,150,3000,15,20.3,10.0,0.9269468719521509
Microglia,NO_GRAPH,4,200,3000,23,27.066666666666666,11.5,0.8356395454244774
Microglia,NO_GRAPH,4,250,3000,31,33.833333333333336,12.4,0.7363042385140668
Microglia,MEAN_POOL,0,50,3000,2,6.766666666666667,4.0,0.9941460411919164
Microglia,MEAN_POOL,0,100,3000,7,13.533333333333333,7.0,0.9877081607198356
Microglia,MEAN_POOL,0,150,3000,13,20.3,8.666666666666666,0.977212821901894
Microglia,MEAN_POOL,0,200,3000,17,27.066666666666666,8.5,0.9912694864924049
Microglia,MEAN_POOL,0,250,3000,22,33.833333333333336,8.8,0.9936835284769785
Microglia,MEAN_POOL,1,50,3000,3,6.766666666666667,6.0,0.9738730773429142
Microglia,MEAN_POOL,1,100,3000,8,13.533333333333333,8.0,0.970794240736442
Microglia,MEAN_POOL,1,150,3000,13,20.3,8.666666666666666,0.977212821901894
Microglia,MEAN_POOL,1,200,3000,19,27.066666666666666,9.5,0.9710898412119452
Microglia,MEAN_POOL,1,250,3000,25,33.833333333333336,10.0,0.9681328842952297
Microglia,MEAN_POOL,2,50,3000,3,6.766666666666667,6.0,0.9738730773429142
Microglia,MEAN_POOL,2,100,3000,8,13.533333333333333,8.0,0.970794240736442
Microglia,MEAN_POOL,2,150,3000,13,20.3,8.666666666666666,0.977212821901894
Microglia,MEAN_POOL,2,200,3000,18,27.066666666666666,9.0,0.9836246649825279
Microglia,MEAN_POOL,2,250,3000,22,33.833333333333336,8.8,0.9936835284769785
Microglia,MEAN_POOL,3,50,3000,2,6.766666666666667,4.0,0.9941460411919164
Microglia,MEAN_POOL,3,100,3000,8,13.533333333333333,8.0,0.970794240736442
Microglia,MEAN_POOL,3,150,3000,12,20.3,8.0,0.9887268565472614
Microglia,MEAN_POOL,3,200,3000,16,27.066666666666666,8.0,0.995635962234118
Microglia,MEAN_POOL,3,250,3000,23,33.833333333333336,9.2,0.9886423695605149
Microglia,MEAN_POOL,4,50,3000,2,6.766666666666667,4.0,0.9941460411919164
Microglia,MEAN_POOL,4,100,3000,8,13.533333333333333,8.0,0.970794240736442
Microglia,MEAN_POOL,4,150,3000,13,20.3,8.666666666666666,0.977212821901894
Microglia,MEAN_POOL,4,200,3000,16,27.066666666666666,8.0,0.995635962234118
Microglia,MEAN_POOL,4,250,3000,22,33.833333333333336,8.8,0.9936835284769785
Microglia,NO_FILTER,0,50,3000,6,6.533333333333333,12.0,0.6532044879002293
Microglia,NO_FILTER,0,100,3000,12,13.066666666666666,12.0,0.6717770791619586
Microglia,NO_FILTER,0,150,3000,17,19.6,11.333333333333334,0.7761328334828307
Microglia,NO_FILTER,0,200,3000,24,26.133333333333333,12.0,0.7108537329786564
Microglia,NO_FILTER,0,250,3000,33,32.666666666666664,13.2,0.5049727921394404
Microglia,NO_FILTER,1,50,3000,4,6.533333333333333,8.0,0.9083043532420741
Microglia,NO_FILTER,1,100,3000,9,13.066666666666666,9.0,0.921911870262896
Microglia,NO_FILTER,1,150,3000,13,19.6,8.666666666666666,0.9669124115912412
Microglia,NO_FILTER,1,200,3000,20,26.133333333333333,10.0,0.9292204936063818
Microglia,NO_FILTER,1,250,3000,26,32.666666666666664,10.4,0.9232568610433609
Microglia,NO_FILTER,2,50,3000,3,6.533333333333333,6.0,0.9680637017724586
Microglia,NO_FILTER,2,100,3000,7,13.066666666666666,7.0,0.9830001089945569
Microglia,NO_FILTER,2,150,3000,13,19.6,8.666666666666666,0.9669124115912412
Microglia,NO_FILTER,2,200,3000,23,26.133333333333333,11.5,0.7823785634798639
Microglia,NO_FILTER,2,250,3000,31,32.666666666666664,12.4,0.6583036317569808
Microglia,NO_FILTER,3,50,3000,5,6.533333333333333,10.0,0.8016903632751518
Microglia,NO_FILTER,3,100,3000,12,13.066666666666666,12.0,0.6717770791619586
Microglia,NO_FILTER,3,150,3000,15,19.6,10.0,0.9011440046286338
Microglia,NO_FILTER,3,200,3000,25,26.133333333333333,12.5,0.6308184181738776
Microglia,NO_FILTER,3,250,3000,34,32.666666666666664,13.6,0.42745399832681463
Microglia,NO_FILTER,4,50,3000,7,6.533333333333333,14.0,0.4851154655618084
Microglia,NO_FILTER,4,100,3000,13,13.066666666666666,13.0,0.5543335344324027
Microglia,NO_FILTER,4,150,3000,19,19.6,12.666666666666666,0.5976932101664113
Microglia,NO_FILTER,4,200,3000,23,26.133333333333333,11.5,0.7823785634798639
Microglia,NO_FILTER,4,250,3000,31,32.666666666666664,12.4,0.6583036317569808
Microglia,WILCOXON_FAIR,0,50,3000,10,6.766666666666667,20.0,0.12906422080728314
Microglia,WILCOXON_FAIR,0,100,3000,15,13.533333333333333,15.0,0.3751730393876842
Microglia,WILCOXON_FAIR,0,150,3000,23,20.3,15.333333333333334,0.2885636791225624
Microglia,WILCOXON_FAIR,0,200,3000,31,27.066666666666666,15.5,0.22812447326023183
Microglia,WILCOXON_FAIR,0,250,3000,38,33.833333333333336,15.2,0.23643902238492032
Microglia,WILCOXON_FAIR,1,50,3000,10,6.766666666666667,20.0,0.12906422080728314
Microglia,WILCOXON_FAIR,1,100,3000,15,13.533333333333333,15.0,0.3751730393876842
Microglia,WILCOXON_FAIR,1,150,3000,23,20.3,15.333333333333334,0.2885636791225624
Microglia,WILCOXON_FAIR,1,200,3000,31,27.066666666666666,15.5,0.22812447326023183
Microglia,WILCOXON_FAIR,1,250,3000,38,33.833333333333336,15.2,0.23643902238492032
Microglia,WILCOXON_FAIR,2,50,3000,10,6.766666666666667,20.0,0.12906422080728314
Microglia,WILCOXON_FAIR,2,100,3000,15,13.533333333333333,15.0,0.3751730393876842
Microglia,WILCOXON_FAIR,2,150,3000,23,20.3,15.333333333333334,0.2885636791225624
Microglia,WILCOXON_FAIR,2,200,3000,31,27.066666666666666,15.5,0.22812447326023183
Microglia,WILCOXON_FAIR,2,250,3000,38,33.833333333333336,15.2,0.23643902238492032
Microglia,WILCOXON_FAIR,3,50,3000,10,6.766666666666667,20.0,0.12906422080728314
Microglia,WILCOXON_FAIR,3,100,3000,15,13.533333333333333,15.0,0.3751730393876842
Microglia,WILCOXON_FAIR,3,150,3000,23,20.3,15.333333333333334,0.2885636791225624
Microglia,WILCOXON_FAIR,3,200,3000,31,27.066666666666666,15.5,0.22812447326023183
Microglia,WILCOXON_FAIR,3,250,3000,38,33.833333333333336,15.2,0.23643902238492032
Microglia,WILCOXON_FAIR,4,50,3000,10,6.766666666666667,20.0,0.12906422080728314
Microglia,WILCOXON_FAIR,4,100,3000,15,13.533333333333333,15.0,0.3751730393876842
Microglia,WILCOXON_FAIR,4,150,3000,23,20.3,15.333333333333334,0.2885636791225624
Microglia,WILCOXON_FAIR,4,200,3000,31,27.066666666666666,15.5,0.22812447326023183
Microglia,WILCOXON_FAIR,4,250,3000,38,33.833333333333336,15.2,0.23643902238492032
Neu-NRGN-I,CELLS_AS_NODES,0,50,3000,8,7.1,16.0,0.41702120182579344
Neu-NRGN-I,CELLS_AS_NODES,0,100,3000,11,14.2,11.0,0.8612092000792348
Neu-NRGN-I,CELLS_AS_NODES,0,150,3000,19,21.3,12.666666666666666,0.7445652494314196
Neu-NRGN-I,CELLS_AS_NODES,0,200,3000,27,28.4,13.5,0.6479413164101728
Neu-NRGN-I,CELLS_AS_NODES,0,250,3000,32,35.5,12.8,0.7730331163127928
Neu-NRGN-I,CELLS_AS_NODES,1,50,3000,8,7.1,16.0,0.41702120182579344
Neu-NRGN-I,CELLS_AS_NODES,1,100,3000,9,14.2,9.0,0.958584467115393
Neu-NRGN-I,CELLS_AS_NODES,1,150,3000,16,21.3,10.666666666666666,0.9223617887631387
Neu-NRGN-I,CELLS_AS_NODES,1,200,3000,23,28.4,11.5,0.8944953574543738
Neu-NRGN-I,CELLS_AS_NODES,1,250,3000,28,35.5,11.2,0.9384699671082295
Neu-NRGN-I,CELLS_AS_NODES,2,50,3000,5,7.1,10.0,0.858324277805191
Neu-NRGN-I,CELLS_AS_NODES,2,100,3000,9,14.2,9.0,0.958584467115393
Neu-NRGN-I,CELLS_AS_NODES,2,150,3000,17,21.3,11.333333333333334,0.877490689761116
Neu-NRGN-I,CELLS_AS_NODES,2,200,3000,25,28.4,12.5,0.7912121658945872
Neu-NRGN-I,CELLS_AS_NODES,2,250,3000,29,35.5,11.6,0.9100602038620769
Neu-NRGN-I,CELLS_AS_NODES,3,50,3000,6,7.1,12.0,0.7340063661633097
Neu-NRGN-I,CELLS_AS_NODES,3,100,3000,9,14.2,9.0,0.958584467115393
Neu-NRGN-I,CELLS_AS_NODES,3,150,3000,16,21.3,10.666666666666666,0.9223617887631387
Neu-NRGN-I,CELLS_AS_NODES,3,200,3000,25,28.4,12.5,0.7912121658945872
Neu-NRGN-I,CELLS_AS_NODES,3,250,3000,28,35.5,11.2,0.9384699671082295
Neu-NRGN-I,CELLS_AS_NODES,4,50,3000,7,7.1,14.0,0.5788546641833727
Neu-NRGN-I,CELLS_AS_NODES,4,100,3000,10,14.2,10.0,0.9200605428447929
Neu-NRGN-I,CELLS_AS_NODES,4,150,3000,19,21.3,12.666666666666666,0.7445652494314196
Neu-NRGN-I,CELLS_AS_NODES,4,200,3000,26,28.4,13.0,0.7237778758110309
Neu-NRGN-I,CELLS_AS_NODES,4,250,3000,29,35.5,11.6,0.9100602038620769
Neu-NRGN-I,FULL,0,50,3000,2,7.1,4.0,0.9958367534290157
Neu-NRGN-I,FULL,0,100,3000,6,14.2,6.0,0.9973961448402049
Neu-NRGN-I,FULL,0,150,3000,17,21.3,11.333333333333334,0.877490689761116
Neu-NRGN-I,FULL,0,200,3000,25,28.4,12.5,0.7912121658945872
Neu-NRGN-I,FULL,0,250,3000,30,35.5,12.0,0.8732741048047172
Neu-NRGN-I,FULL,1,50,3000,5,7.1,10.0,0.858324277805191
Neu-NRGN-I,FULL,1,100,3000,7,14.2,7.0,0.9923781744622759
Neu-NRGN-I,FULL,1,150,3000,12,21.3,8.0,0.9938790478431045
Neu-NRGN-I,FULL,1,200,3000,23,28.4,11.5,0.8944953574543738
Neu-NRGN-I,FULL,1,250,3000,35,35.5,14.0,0.5678449783308215
Neu-NRGN-I,FULL,2,50,3000,2,7.1,4.0,0.9958367534290157
Neu-NRGN-I,FULL,2,100,3000,7,14.2,7.0,0.9923781744622759
Neu-NRGN-I,FULL,2,150,3000,15,21.3,10.0,0.953933703785919
Neu-NRGN-I,FULL,2,200,3000,30,28.4,15.0,0.4008690325156204
Neu-NRGN-I,FULL,2,250,3000,38,35.5,15.2,0.34661203152739617
Neu-NRGN-I,FULL,3,50,3000,7,7.1,14.0,0.5788546641833727
Neu-NRGN-I,FULL,3,100,3000,9,14.2,9.0,0.958584467115393
Neu-NRGN-I,FULL,3,150,3000,15,21.3,10.0,0.953933703785919
Neu-NRGN-I,FULL,3,200,3000,20,28.4,10.0,0.9732563843028033
Neu-NRGN-I,FULL,3,250,3000,34,35.5,13.6,0.6413519904555918
Neu-NRGN-I,FULL,4,50,3000,5,7.1,10.0,0.858324277805191
Neu-NRGN-I,FULL,4,100,3000,7,14.2,7.0,0.9923781744622759
Neu-NRGN-I,FULL,4,150,3000,17,21.3,11.333333333333334,0.877490689761116
Neu-NRGN-I,FULL,4,200,3000,24,28.4,12.0,0.8483748121485628
Neu-NRGN-I,FULL,4,250,3000,29,35.5,11.6,0.9100602038620769
Neu-NRGN-I,NO_GRAPH,0,50,3000,4,7.1,8.0,0.9393051140256521
Neu-NRGN-I,NO_GRAPH,0,100,3000,9,14.2,9.0,0.958584467115393
Neu-NRGN-I,NO_GRAPH,0,150,3000,18,21.3,12.0,0.818083547578039
Neu-NRGN-I,NO_GRAPH,0,200,3000,26,28.4,13.0,0.7237778758110309
Neu-NRGN-I,NO_GRAPH,0,250,3000,30,35.5,12.0,0.8732741048047172
Neu-NRGN-I,NO_GRAPH,1,50,3000,4,7.1,8.0,0.9393051140256521
Neu-NRGN-I,NO_GRAPH,1,100,3000,7,14.2,7.0,0.9923781744622759
Neu-NRGN-I,NO_GRAPH,1,150,3000,12,21.3,8.0,0.9938790478431045
Neu-NRGN-I,NO_GRAPH,1,200,3000,21,28.4,10.5,0.9555627661576241
Neu-NRGN-I,NO_GRAPH,1,250,3000,29,35.5,11.6,0.9100602038620769
Neu-NRGN-I,NO_GRAPH,2,50,3000,3,7.1,6.0,0.9804940992809864
Neu-NRGN-I,NO_GRAPH,2,100,3000,7,14.2,7.0,0.9923781744622759
Neu-NRGN-I,NO_GRAPH,2,150,3000,18,21.3,12.0,0.818083547578039
Neu-NRGN-I,NO_GRAPH,2,200,3000,24,28.4,12.0,0.8483748121485628
Neu-NRGN-I,NO_GRAPH,2,250,3000,30,35.5,12.0,0.8732741048047172
Neu-NRGN-I,NO_GRAPH,3,50,3000,7,7.1,14.0,0.5788546641833727
Neu-NRGN-I,NO_GRAPH,3,100,3000,9,14.2,9.0,0.958584467115393
Neu-NRGN-I,NO_GRAPH,3,150,3000,18,21.3,12.0,0.818083547578039
Neu-NRGN-I,NO_GRAPH,3,200,3000,23,28.4,11.5,0.8944953574543738
Neu-NRGN-I,NO_GRAPH,3,250,3000,35,35.5,14.0,0.5678449783308215
Neu-NRGN-I,NO_GRAPH,4,50,3000,4,7.1,8.0,0.9393051140256521
Neu-NRGN-I,NO_GRAPH,4,100,3000,7,14.2,7.0,0.9923781744622759
Neu-NRGN-I,NO_GRAPH,4,150,3000,16,21.3,10.666666666666666,0.9223617887631387
Neu-NRGN-I,NO_GRAPH,4,200,3000,27,28.4,13.5,0.6479413164101728
Neu-NRGN-I,NO_GRAPH,4,250,3000,38,35.5,15.2,0.34661203152739617
Neu-NRGN-I,MEAN_POOL,0,50,3000,12,7.1,24.0,0.042799666025916755
Neu-NRGN-I,MEAN_POOL,0,100,3000,18,14.2,18.0,0.16719014443172728
Neu-NRGN-I,MEAN_POOL,0,150,3000,21,21.3,14.0,0.5662208722474373
Neu-NRGN-I,MEAN_POOL,0,200,3000,23,28.4,11.5,0.8944953574543738
Neu-NRGN-I,MEAN_POOL,0,250,3000,27,35.5,10.8,0.9594973491096299
Neu-NRGN-I,MEAN_POOL,1,50,3000,11,7.1,22.0,0.08743111259734462
Neu-NRGN-I,MEAN_POOL,1,100,3000,16,14.2,16.0,0.34224316956975454
Neu-NRGN-I,MEAN_POOL,1,150,3000,21,21.3,14.0,0.5662208722474373
Neu-NRGN-I,MEAN_POOL,1,200,3000,23,28.4,11.5,0.8944953574543738
Neu-NRGN-I,MEAN_POOL,1,250,3000,27,35.5,10.8,0.9594973491096299
Neu-NRGN-I,MEAN_POOL,2,50,3000,4,7.1,8.0,0.9393051140256521
Neu-NRGN-I,MEAN_POOL,2,100,3000,9,14.2,9.0,0.958584467115393
Neu-NRGN-I,MEAN_POOL,2,150,3000,11,21.3,7.333333333333333,0.9973734594991746
Neu-NRGN-I,MEAN_POOL,2,200,3000,12,28.4,6.0,0.9999526063228247
Neu-NRGN-I,MEAN_POOL,2,250,3000,19,35.5,7.6,0.9997189408099638
Neu-NRGN-I,MEAN_POOL,3,50,3000,7,7.1,14.0,0.5788546641833727
Neu-NRGN-I,MEAN_POOL,3,100,3000,13,14.2,13.0,0.6808025133476349
Neu-NRGN-I,MEAN_POOL,3,150,3000,17,21.3,11.333333333333334,0.877490689761116
Neu-NRGN-I,MEAN_POOL,3,200,3000,18,28.4,9.0,0.9917978408487191
Neu-NRGN-I,MEAN_POOL,3,250,3000,24,35.5,9.6,0.9910029689055814
Neu-NRGN-I,MEAN_POOL,4,50,3000,5,7.1,10.0,0.858324277805191
Neu-NRGN-I,MEAN_POOL,4,100,3000,10,14.2,10.0,0.9200605428447929
Neu-NRGN-I,MEAN_POOL,4,150,3000,15,21.3,10.0,0.953933703785919
Neu-NRGN-I,MEAN_POOL,4,200,3000,17,28.4,8.5,0.9958484639863798
Neu-NRGN-I,MEAN_POOL,4,250,3000,21,35.5,8.4,0.9986836475238584
Neu-NRGN-I,NO_FILTER,0,50,3000,2,7.05,4.0,0.9956170542741849
Neu-NRGN-I,NO_FILTER,0,100,3000,6,14.1,6.0,0.997178630183501
Neu-NRGN-I,NO_FILTER,0,150,3000,9,21.15,6.0,0.9996020645653958
Neu-NRGN-I,NO_FILTER,0,200,3000,22,28.2,11.0,0.92425889661137
Neu-NRGN-I,NO_FILTER,0,250,3000,29,35.25,11.6,0.9023829983444261
Neu-NRGN-I,NO_FILTER,1,50,3000,2,7.05,4.0,0.9956170542741849
Neu-NRGN-I,NO_FILTER,1,100,3000,4,14.1,4.0,0.9998176627846207
Neu-NRGN-I,NO_FILTER,1,150,3000,10,21.15,6.666666666666667,0.9988633723202517
Neu-NRGN-I,NO_FILTER,1,200,3000,21,28.2,10.5,0.9516683837396741
Neu-NRGN-I,NO_FILTER,1,250,3000,34,35.25,13.6,0.6236330268150574
Neu-NRGN-I,NO_FILTER,2,50,3000,3,7.05,6.0,0.9796118524743062
Neu-NRGN-I,NO_FILTER,2,100,3000,6,14.1,6.0,0.997178630183501
Neu-NRGN-I,NO_FILTER,2,150,3000,10,21.15,6.666666666666667,0.9988633723202517
Neu-NRGN-I,NO_FILTER,2,200,3000,21,28.2,10.5,0.9516683837396741
Neu-NRGN-I,NO_FILTER,2,250,3000,33,35.25,13.2,0.6942394089340269
Neu-NRGN-I,NO_FILTER,3,50,3000,8,7.05,16.0,0.4089130567767729
Neu-NRGN-I,NO_FILTER,3,100,3000,11,14.1,11.0,0.8548935058830398
Neu-NRGN-I,NO_FILTER,3,150,3000,15,21.15,10.0,0.950529707485968
Neu-NRGN-I,NO_FILTER,3,200,3000,20,28.2,10.0,0.9706963262928466
Neu-NRGN-I,NO_FILTER,3,250,3000,29,35.25,11.6,0.9023829983444261
Neu-NRGN-I,NO_FILTER,4,50,3000,5,7.05,10.0,0.8539109047645854
Neu-NRGN-I,NO_FILTER,4,100,3000,7,14.1,7.0,0.9918029236467526
Neu-NRGN-I,NO_FILTER,4,150,3000,10,21.15,6.666666666666667,0.9988633723202517
Neu-NRGN-I,NO_FILTER,4,200,3000,19,28.2,9.5,0.9831710208664353
Neu-NRGN-I,NO_FILTER,4,250,3000,26,35.25,10.4,0.9715817483852174
Neu-NRGN-I,WILCOXON_FAIR,0,50,3000,10,7.1,20.0,0.16222365392212054
Neu-NRGN-I,WILCOXON_FAIR,0,100,3000,22,14.2,22.0,0.020869344016236895
Neu-NRGN-I,WILCOXON_FAIR,0,150,3000,27,21.3,18.0,0.10819487730412625
Neu-NRGN-I,WILCOXON_FAIR,0,200,3000,36,28.4,18.0,0.0713213547099528
Neu-NRGN-I,WILCOXON_FAIR,0,250,3000,43,35.5,17.2,0.09469754652961877
Neu-NRGN-I,WILCOXON_FAIR,1,50,3000,10,7.1,20.0,0.16222365392212054
Neu-NRGN-I,WILCOXON_FAIR,1,100,3000,22,14.2,22.0,0.020869344016236895
Neu-NRGN-I,WILCOXON_FAIR,1,150,3000,27,21.3,18.0,0.10819487730412625
Neu-NRGN-I,WILCOXON_FAIR,1,200,3000,36,28.4,18.0,0.0713213547099528
Neu-NRGN-I,WILCOXON_FAIR,1,250,3000,43,35.5,17.2,0.09469754652961877
Neu-NRGN-I,WILCOXON_FAIR,2,50,3000,10,7.1,20.0,0.16222365392212054
Neu-NRGN-I,WILCOXON_FAIR,2,100,3000,22,14.2,22.0,0.020869344016236895
Neu-NRGN-I,WILCOXON_FAIR,2,150,3000,27,21.3,18.0,0.10819487730412625
Neu-NRGN-I,WILCOXON_FAIR,2,200,3000,36,28.4,18.0,0.0713213547099528
Neu-NRGN-I,WILCOXON_FAIR,2,250,3000,43,35.5,17.2,0.09469754652961877
Neu-NRGN-I,WILCOXON_FAIR,3,50,3000,10,7.1,20.0,0.16222365392212054
Neu-NRGN-I,WILCOXON_FAIR,3,100,3000,22,14.2,22.0,0.020869344016236895
Neu-NRGN-I,WILCOXON_FAIR,3,150,3000,27,21.3,18.0,0.10819487730412625
Neu-NRGN-I,WILCOXON_FAIR,3,200,3000,36,28.4,18.0,0.0713213547099528
Neu-NRGN-I,WILCOXON_FAIR,3,250,3000,43,35.5,17.2,0.09469754652961877
Neu-NRGN-I,WILCOXON_FAIR,4,50,3000,10,7.1,20.0,0.16222365392212054
Neu-NRGN-I,WILCOXON_FAIR,4,100,3000,22,14.2,22.0,0.020869344016236895
Neu-NRGN-I,WILCOXON_FAIR,4,150,3000,27,21.3,18.0,0.10819487730412625
Neu-NRGN-I,WILCOXON_FAIR,4,200,3000,36,28.4,18.0,0.0713213547099528
Neu-NRGN-I,WILCOXON_FAIR,4,250,3000,43,35.5,17.2,0.09469754652961877
Neu-NRGN-II,CELLS_AS_NODES,0,50,3000,6,7.8,12.0,0.8150900149563849
Neu-NRGN-II,CELLS_AS_NODES,0,100,3000,16,15.6,16.0,0.49909708716052675
Neu-NRGN-II,CELLS_AS_NODES,0,150,3000,19,23.4,12.666666666666666,0.8727678009559204
Neu-NRGN-II,CELLS_AS_NODES,0,200,3000,28,31.2,14.0,0.7695365974936696
Neu-NRGN-II,CELLS_AS_NODES,0,250,3000,31,39.0,12.4,0.9423984186925309
Neu-NRGN-II,CELLS_AS_NODES,1,50,3000,6,7.8,12.0,0.8150900149563849
Neu-NRGN-II,CELLS_AS_NODES,1,100,3000,14,15.6,14.0,0.7150805225954504
Neu-NRGN-II,CELLS_AS_NODES,1,150,3000,18,23.4,12.0,0.917194297759095
Neu-NRGN-II,CELLS_AS_NODES,1,200,3000,27,31.2,13.5,0.8280266906235589
Neu-NRGN-II,CELLS_AS_NODES,1,250,3000,33,39.0,13.2,0.8832543281452698
Neu-NRGN-II,CELLS_AS_NODES,2,50,3000,5,7.8,10.0,0.9095645709926792
Neu-NRGN-II,CELLS_AS_NODES,2,100,3000,16,15.6,16.0,0.49909708716052675
Neu-NRGN-II,CELLS_AS_NODES,2,150,3000,19,23.4,12.666666666666666,0.8727678009559204
Neu-NRGN-II,CELLS_AS_NODES,2,200,3000,23,31.2,11.5,0.9643955955815533
Neu-NRGN-II,CELLS_AS_NODES,2,250,3000,26,39.0,10.4,0.9948308464001184
Neu-NRGN-II,CELLS_AS_NODES,3,50,3000,7,7.8,14.0,0.6832319378518708
Neu-NRGN-II,CELLS_AS_NODES,3,100,3000,14,15.6,14.0,0.7150805225954504
Neu-NRGN-II,CELLS_AS_NODES,3,150,3000,20,23.4,13.333333333333334,0.8149205463008737
Neu-NRGN-II,CELLS_AS_NODES,3,200,3000,24,31.2,12.0,0.9436591136401438
Neu-NRGN-II,CELLS_AS_NODES,3,250,3000,33,39.0,13.2,0.8832543281452698
Neu-NRGN-II,CELLS_AS_NODES,4,50,3000,5,7.8,10.0,0.9095645709926792
Neu-NRGN-II,CELLS_AS_NODES,4,100,3000,13,15.6,13.0,0.8056167947575745
Neu-NRGN-II,CELLS_AS_NODES,4,150,3000,20,23.4,13.333333333333334,0.8149205463008737
Neu-NRGN-II,CELLS_AS_NODES,4,200,3000,25,31.2,12.5,0.9147734847473326
Neu-NRGN-II,CELLS_AS_NODES,4,250,3000,30,39.0,12.0,0.9615962815501182
Neu-NRGN-II,FULL,0,50,3000,7,7.8,14.0,0.6832319378518708
Neu-NRGN-II,FULL,0,100,3000,12,15.6,12.0,0.8773296987316851
Neu-NRGN-II,FULL,0,150,3000,25,23.4,16.666666666666668,0.3912295859512403
Neu-NRGN-II,FULL,0,200,3000,36,31.2,18.0,0.1914449370470494
Neu-NRGN-II,FULL,0,250,3000,44,39.0,17.6,0.20467049516425376
Neu-NRGN-II,FULL,1,50,3000,5,7.8,10.0,0.9095645709926792
Neu-NRGN-II,FULL,1,100,3000,12,15.6,12.0,0.8773296987316851
Neu-NRGN-II,FULL,1,150,3000,21,23.4,14.0,0.744093783778909
Neu-NRGN-II,FULL,1,200,3000,33,31.2,16.5,0.3894383859152161
Neu-NRGN-II,FULL,1,250,3000,46,39.0,18.4,0.11952153849230064
Neu-NRGN-II,FULL,2,50,3000,7,7.8,14.0,0.6832319378518708
Neu-NRGN-II,FULL,2,100,3000,11,15.6,11.0,0.9290395811537518
Neu-NRGN-II,FULL,2,150,3000,23,23.4,15.333333333333334,0.573229526646998
Neu-NRGN-II,FULL,2,200,3000,32,31.2,16.0,0.46790987604012974
Neu-NRGN-II,FULL,2,250,3000,43,39.0,17.2,0.25867831871374203
Neu-NRGN-II,FULL,3,50,3000,6,7.8,12.0,0.8150900149563849
Neu-NRGN-II,FULL,3,100,3000,13,15.6,13.0,0.8056167947575745
Neu-NRGN-II,FULL,3,150,3000,25,23.4,16.666666666666668,0.3912295859512403
Neu-NRGN-II,FULL,3,200,3000,35,31.2,17.5,0.2492819921413355
Neu-NRGN-II,FULL,3,250,3000,43,39.0,17.2,0.25867831871374203
Neu-NRGN-II,FULL,4,50,3000,4,7.8,8.0,0.964605383600968
Neu-NRGN-II,FULL,4,100,3000,13,15.6,13.0,0.8056167947575745
Neu-NRGN-II,FULL,4,150,3000,24,23.4,16.0,0.4812507365688781
Neu-NRGN-II,FULL,4,200,3000,36,31.2,18.0,0.1914449370470494
Neu-NRGN-II,FULL,4,250,3000,40,39.0,16.0,0.4568870458741876
Neu-NRGN-II,NO_GRAPH,0,50,3000,6,7.8,12.0,0.8150900149563849
Neu-NRGN-II,NO_GRAPH,0,100,3000,11,15.6,11.0,0.9290395811537518
Neu-NRGN-II,NO_GRAPH,0,150,3000,25,23.4,16.666666666666668,0.3912295859512403
Neu-NRGN-II,NO_GRAPH,0,200,3000,38,31.2,19.0,0.1037935011035353
Neu-NRGN-II,NO_GRAPH,0,250,3000,45,39.0,18.0,0.15824531853674045
Neu-NRGN-II,NO_GRAPH,1,50,3000,6,7.8,12.0,0.8150900149563849
Neu-NRGN-II,NO_GRAPH,1,100,3000,10,15.6,10.0,0.9627513635489046
Neu-NRGN-II,NO_GRAPH,1,150,3000,26,23.4,17.333333333333332,0.3075379656744954
Neu-NRGN-II,NO_GRAPH,1,200,3000,36,31.2,18.0,0.1914449370470494
Neu-NRGN-II,NO_GRAPH,1,250,3000,45,39.0,18.0,0.15824531853674045
Neu-NRGN-II,NO_GRAPH,2,50,3000,6,7.8,12.0,0.8150900149563849
Neu-NRGN-II,NO_GRAPH,2,100,3000,11,15.6,11.0,0.9290395811537518
Neu-NRGN-II,NO_GRAPH,2,150,3000,24,23.4,16.0,0.4812507365688781
Neu-NRGN-II,NO_GRAPH,2,200,3000,37,31.2,18.5,0.1429726162745819
Neu-NRGN-II,NO_GRAPH,2,250,3000,47,39.0,18.8,0.08816477969062732
Neu-NRGN-II,NO_GRAPH,3,50,3000,6,7.8,12.0,0.8150900149563849
Neu-NRGN-II,NO_GRAPH,3,100,3000,14,15.6,14.0,0.7150805225954504
Neu-NRGN-II,NO_GRAPH,3,150,3000,25,23.4,16.666666666666668,0.3912295859512403
Neu-NRGN-II,NO_GRAPH,3,200,3000,31,31.2,15.5,0.5482886187448193
Neu-NRGN-II,NO_GRAPH,3,250,3000,40,39.0,16.0,0.4568870458741876
Neu-NRGN-II,NO_GRAPH,4,50,3000,8,7.8,16.0,0.52938868517549
Neu-NRGN-II,NO_GRAPH,4,100,3000,13,15.6,13.0,0.8056167947575745
Neu-NRGN-II,NO_GRAPH,4,150,3000,24,23.4,16.0,0.4812507365688781
Neu-NRGN-II,NO_GRAPH,4,200,3000,37,31.2,18.5,0.1429726162745819
Neu-NRGN-II,NO_GRAPH,4,250,3000,44,39.0,17.6,0.20467049516425376
Neu-NRGN-II,MEAN_POOL,0,50,3000,5,7.8,10.0,0.9095645709926792
Neu-NRGN-II,MEAN_POOL,0,100,3000,8,15.6,8.0,0.9926922261411774
Neu-NRGN-II,MEAN_POOL,0,150,3000,10,23.4,6.666666666666667,0.9997907409451344
Neu-NRGN-II,MEAN_POOL,0,200,3000,18,31.2,9.0,0.9983315685681672
Neu-NRGN-II,MEAN_POOL,0,250,3000,24,39.0,9.6,0.99852812556954
Neu-NRGN-II,MEAN_POOL,1,50,3000,6,7.8,12.0,0.8150900149563849
Neu-NRGN-II,MEAN_POOL,1,100,3000,8,15.6,8.0,0.9926922261411774
Neu-NRGN-II,MEAN_POOL,1,150,3000,12,23.4,8.0,0.9984539024097943
Neu-NRGN-II,MEAN_POOL,1,200,3000,20,31.2,10.0,0.9933122576733987
Neu-NRGN-II,MEAN_POOL,1,250,3000,24,39.0,9.6,0.99852812556954
Neu-NRGN-II,MEAN_POOL,2,50,3000,7,7.8,14.0,0.6832319378518708
Neu-NRGN-II,MEAN_POOL,2,100,3000,14,15.6,14.0,0.7150805225954504
Neu-NRGN-II,MEAN_POOL,2,150,3000,18,23.4,12.0,0.917194297759095
Neu-NRGN-II,MEAN_POOL,2,200,3000,24,31.2,12.0,0.9436591136401438
Neu-NRGN-II,MEAN_POOL,2,250,3000,34,39.0,13.6,0.8417682275442516
Neu-NRGN-II,MEAN_POOL,3,50,3000,3,7.8,6.0,0.9896488903763889
Neu-NRGN-II,MEAN_POOL,3,100,3000,8,15.6,8.0,0.9926922261411774
Neu-NRGN-II,MEAN_POOL,3,150,3000,11,23.4,7.333333333333333,0.9994016605213785
Neu-NRGN-II,MEAN_POOL,3,200,3000,19,31.2,9.5,0.9965601427185641
Neu-NRGN-II,MEAN_POOL,3,250,3000,25,39.0,10.0,0.9971786639472262
Neu-NRGN-II,MEAN_POOL,4,50,3000,3,7.8,6.0,0.9896488903763889
Neu-NRGN-II,MEAN_POOL,4,100,3000,7,15.6,7.0,0.9973505949150161
Neu-NRGN-II,MEAN_POOL,4,150,3000,9,23.4,6.0,0.9999345442136682
Neu-NRGN-II,MEAN_POOL,4,200,3000,17,31.2,8.5,0.9992394637547981
Neu-NRGN-II,MEAN_POOL,4,250,3000,23,39.0,9.2,0.9992674672913172
Neu-NRGN-II,NO_FILTER,0,50,3000,7,7.7,14.0,0.6692813682554407
Neu-NRGN-II,NO_FILTER,0,100,3000,11,15.4,11.0,0.9214844845481692
Neu-NRGN-II,NO_FILTER,0,150,3000,22,23.1,14.666666666666666,0.6368539567614684
Neu-NRGN-II,NO_FILTER,0,200,3000,29,30.8,14.5,0.6737029041728236
Neu-NRGN-II,NO_FILTER,0,250,3000,36,38.5,14.4,0.7041868436287726
Neu-NRGN-II,NO_FILTER,1,50,3000,5,7.7,10.0,0.9033654550407397
Neu-NRGN-II,NO_FILTER,1,100,3000,8,15.4,8.0,0.9915832143601391
Neu-NRGN-II,NO_FILTER,1,150,3000,18,23.1,12.0,0.9065115169146035
Neu-NRGN-II,NO_FILTER,1,200,3000,28,30.8,14.0,0.744643204937633
Neu-NRGN-II,NO_FILTER,1,250,3000,39,38.5,15.6,0.4929567695716904
Neu-NRGN-II,NO_FILTER,2,50,3000,4,7.7,8.0,0.9616972821231596
Neu-NRGN-II,NO_FILTER,2,100,3000,8,15.4,8.0,0.9915832143601391
Neu-NRGN-II,NO_FILTER,2,150,3000,18,23.1,12.0,0.9065115169146035
Neu-NRGN-II,NO_FILTER,2,200,3000,26,30.8,13.0,0.8596570620036735
Neu-NRGN-II,NO_FILTER,2,250,3000,36,38.5,14.4,0.7041868436287726
Neu-NRGN-II,NO_FILTER,3,50,3000,7,7.7,14.0,0.6692813682554407
Neu-NRGN-II,NO_FILTER,3,100,3000,11,15.4,11.0,0.9214844845481692
Neu-NRGN-II,NO_FILTER,3,150,3000,22,23.1,14.666666666666666,0.6368539567614684
Neu-NRGN-II,NO_FILTER,3,200,3000,29,30.8,14.5,0.6737029041728236
Neu-NRGN-II,NO_FILTER,3,250,3000,41,38.5,16.4,0.3515553757884478
Neu-NRGN-II,NO_FILTER,4,50,3000,3,7.7,6.0,0.988650031038821
Neu-NRGN-II,NO_FILTER,4,100,3000,8,15.4,8.0,0.9915832143601391
Neu-NRGN-II,NO_FILTER,4,150,3000,17,23.1,11.333333333333334,0.9418749344709738
Neu-NRGN-II,NO_FILTER,4,200,3000,30,30.8,15.0,0.5965566318436488
Neu-NRGN-II,NO_FILTER,4,250,3000,38,38.5,15.2,0.5658513747752687
Neu-NRGN-II,WILCOXON_FAIR,0,50,3000,9,7.8,18.0,0.3762945688198741
Neu-NRGN-II,WILCOXON_FAIR,0,100,3000,19,15.6,19.0,0.2051288352736006
Neu-NRGN-II,WILCOXON_FAIR,0,150,3000,27,23.4,18.0,0.23351510161838804
Neu-NRGN-II,WILCOXON_FAIR,0,200,3000,38,31.2,19.0,0.1037935011035353
Neu-NRGN-II,WILCOXON_FAIR,0,250,3000,49,39.0,19.6,0.04465939956103775
Neu-NRGN-II,WILCOXON_FAIR,1,50,3000,9,7.8,18.0,0.3762945688198741
Neu-NRGN-II,WILCOXON_FAIR,1,100,3000,19,15.6,19.0,0.2051288352736006
Neu-NRGN-II,WILCOXON_FAIR,1,150,3000,27,23.4,18.0,0.23351510161838804
Neu-NRGN-II,WILCOXON_FAIR,1,200,3000,38,31.2,19.0,0.1037935011035353
Neu-NRGN-II,WILCOXON_FAIR,1,250,3000,49,39.0,19.6,0.04465939956103775
Neu-NRGN-II,WILCOXON_FAIR,2,50,3000,9,7.8,18.0,0.3762945688198741
Neu-NRGN-II,WILCOXON_FAIR,2,100,3000,19,15.6,19.0,0.2051288352736006
Neu-NRGN-II,WILCOXON_FAIR,2,150,3000,27,23.4,18.0,0.23351510161838804
Neu-NRGN-II,WILCOXON_FAIR,2,200,3000,38,31.2,19.0,0.1037935011035353
Neu-NRGN-II,WILCOXON_FAIR,2,250,3000,49,39.0,19.6,0.04465939956103775
Neu-NRGN-II,WILCOXON_FAIR,3,50,3000,9,7.8,18.0,0.3762945688198741
Neu-NRGN-II,WILCOXON_FAIR,3,100,3000,19,15.6,19.0,0.2051288352736006
Neu-NRGN-II,WILCOXON_FAIR,3,150,3000,27,23.4,18.0,0.23351510161838804
Neu-NRGN-II,WILCOXON_FAIR,3,200,3000,38,31.2,19.0,0.1037935011035353
Neu-NRGN-II,WILCOXON_FAIR,3,250,3000,49,39.0,19.6,0.04465939956103775
Neu-NRGN-II,WILCOXON_FAIR,4,50,3000,9,7.8,18.0,0.3762945688198741
Neu-NRGN-II,WILCOXON_FAIR,4,100,3000,19,15.6,19.0,0.2051288352736006
Neu-NRGN-II,WILCOXON_FAIR,4,150,3000,27,23.4,18.0,0.23351510161838804
Neu-NRGN-II,WILCOXON_FAIR,4,200,3000,38,31.2,19.0,0.1037935011035353
Neu-NRGN-II,WILCOXON_FAIR,4,250,3000,49,39.0,19.6,0.04465939956103775
Neu-mat,CELLS_AS_NODES,0,50,3000,14,6.533333333333333,28.0,0.0036231623705783624
Neu-mat,CELLS_AS_NODES,0,100,3000,30,13.066666666666666,30.0,4.838650158521572e-06
Neu-mat,CELLS_AS_NODES,0,150,3000,38,19.6,25.333333333333332,2.2725568422541363e-05
Neu-mat,CELLS_AS_NODES,0,200,3000,49,26.133333333333333,24.5,3.811254653878625e-06
Neu-mat,CELLS_AS_NODES,0,250,3000,60,32.666666666666664,24.0,5.729888858579959e-07
Neu-mat,CELLS_AS_NODES,1,50,3000,15,6.533333333333333,30.0,0.001223878174129733
Neu-mat,CELLS_AS_NODES,1,100,3000,30,13.066666666666666,30.0,4.838650158521572e-06
Neu-mat,CELLS_AS_NODES,1,150,3000,39,19.6,26.0,9.04127634841491e-06
Neu-mat,CELLS_AS_NODES,1,200,3000,46,26.133333333333333,23.0,4.536552409571896e-05
Neu-mat,CELLS_AS_NODES,1,250,3000,55,32.666666666666664,22.0,3.024606295493793e-05
Neu-mat,CELLS_AS_NODES,2,50,3000,19,6.533333333333333,38.0,6.614745769119403e-06
Neu-mat,CELLS_AS_NODES,2,100,3000,32,13.066666666666666,32.0,4.583263704722158e-07
Neu-mat,CELLS_AS_NODES,2,150,3000,42,19.6,28.0,4.5951550421978755e-07
Neu-mat,CELLS_AS_NODES,2,200,3000,51,26.133333333333333,25.5,6.322899368698352e-07
Neu-mat,CELLS_AS_NODES,2,250,3000,61,32.666666666666664,24.4,2.4078033894057606e-07
Neu-mat,CELLS_AS_NODES,3,50,3000,17,6.533333333333333,34.0,0.00010689240405957942
Neu-mat,CELLS_AS_NODES,3,100,3000,34,13.066666666666666,34.0,3.595966426172553e-08
Neu-mat,CELLS_AS_NODES,3,150,3000,44,19.6,29.333333333333332,5.2934341807017816e-08
Neu-mat,CELLS_AS_NODES,3,200,3000,50,26.133333333333333,25.0,1.5747897484709647e-06
Neu-mat,CELLS_AS_NODES,3,250,3000,57,32.666666666666664,22.8,6.667964982521692e-06
Neu-mat,CELLS_AS_NODES,4,50,3000,13,6.533333333333333,26.0,0.009783999947824478
Neu-mat,CELLS_AS_NODES,4,100,3000,29,13.066666666666666,29.0,1.4627701290494117e-05
Neu-mat,CELLS_AS_NODES,4,150,3000,39,19.6,26.0,9.04127634841491e-06
Neu-mat,CELLS_AS_NODES,4,200,3000,50,26.133333333333333,25.0,1.5747897484709647e-06
Neu-mat,CELLS_AS_NODES,4,250,3000,57,32.666666666666664,22.8,6.667964982521692e-06
Neu-mat,FULL,0,50,3000,14,6.533333333333333,28.0,0.0036231623705783624
Neu-mat,FULL,0,100,3000,32,13.066666666666666,32.0,4.583263704722158e-07
Neu-mat,FULL,0,150,3000,44,19.6,29.333333333333332,5.2934341807017816e-08
Neu-mat,FULL,0,200,3000,59,26.133333333333333,29.5,1.56354349793389e-10
Neu-mat,FULL,0,250,3000,69,32.666666666666664,27.6,9.944018527159576e-11
Neu-mat,FULL,1,50,3000,18,6.533333333333333,36.0,2.7739578027336407e-05
Neu-mat,FULL,1,100,3000,34,13.066666666666666,34.0,3.595966426172553e-08
Neu-mat,FULL,1,150,3000,47,19.6,31.333333333333332,1.6029913789749849e-09
Neu-mat,FULL,1,200,3000,58,26.133333333333333,29.0,4.858440922737302e-10
Neu-mat,FULL,1,250,3000,66,32.666666666666664,26.4,2.203007069879079e-09
Neu-mat,FULL,2,50,3000,16,6.533333333333333,32.0,0.000377927679369454
Neu-mat,FULL,2,100,3000,28,13.066666666666666,28.0,4.210823620092667e-05
Neu-mat,FULL,2,150,3000,35,19.6,23.333333333333332,0.00028962904663461546
Neu-mat,FULL,2,200,3000,44,26.133333333333333,22.0,0.00020391422016010385
Neu-mat,FULL,2,250,3000,48,32.666666666666664,19.2,0.0026878024892260533
Neu-mat,FULL,3,50,3000,14,6.533333333333333,28.0,0.0036231623705783624
Neu-mat,FULL,3,100,3000,28,13.066666666666666,28.0,4.210823620092667e-05
Neu-mat,FULL,3,150,3000,44,19.6,29.333333333333332,5.2934341807017816e-08
Neu-mat,FULL,3,200,3000,57,26.133333333333333,28.5,1.469588145868936e-09
Neu-mat,FULL,3,250,3000,69,32.666666666666664,27.6,9.944018527159576e-11
Neu-mat,FULL,4,50,3000,15,6.533333333333333,30.0,0.001223878174129733
Neu-mat,FULL,4,100,3000,35,13.066666666666666,35.0,9.398010675570217e-09
Neu-mat,FULL,4,150,3000,45,19.6,30.0,1.7065764126178173e-08
Neu-mat,FULL,4,200,3000,55,26.133333333333333,27.5,1.2393168426560714e-08
Neu-mat,FULL,4,250,3000,70,32.666666666666664,28.0,3.3813047359068575e-11
Neu-mat,NO_GRAPH,0,50,3000,14,6.533333333333333,28.0,0.0036231623705783624
Neu-mat,NO_GRAPH,0,100,3000,19,13.066666666666666,19.0,0.05564131059575828
Neu-mat,NO_GRAPH,0,150,3000,25,19.6,16.666666666666668,0.1136747410619692
Neu-mat,NO_GRAPH,0,200,3000,31,26.133333333333333,15.5,0.17074108160507953
Neu-mat,NO_GRAPH,0,250,3000,37,32.666666666666664,14.8,0.2235876906093324
Neu-mat,NO_GRAPH,1,50,3000,20,6.533333333333333,40.0,1.4512142766385202e-06
Neu-mat,NO_GRAPH,1,100,3000,33,13.066666666666666,33.0,1.3140183763486958e-07
Neu-mat,NO_GRAPH,1,150,3000,38,19.6,25.333333333333332,2.2725568422541363e-05
Neu-mat,NO_GRAPH,1,200,3000,45,26.133333333333333,22.5,9.763451544186151e-05
Neu-mat,NO_GRAPH,1,250,3000,50,32.666666666666664,20.0,0.0008492782415617943
Neu-mat,NO_GRAPH,2,50,3000,19,6.533333333333333,38.0,6.614745769119403e-06
Neu-mat,NO_GRAPH,2,100,3000,35,13.066666666666666,35.0,9.398010675570217e-09
Neu-mat,NO_GRAPH,2,150,3000,40,19.6,26.666666666666668,3.469925987931397e-06
Neu-mat,NO_GRAPH,2,200,3000,46,26.133333333333333,23.0,4.536552409571896e-05
Neu-mat,NO_GRAPH,2,250,3000,54,32.666666666666664,21.6,6.202969508723468e-05
Neu-mat,NO_GRAPH,3,50,3000,19,6.533333333333333,38.0,6.614745769119403e-06
Neu-mat,NO_GRAPH,3,100,3000,23,13.066666666666666,23.0,0.003891647795635438
Neu-mat,NO_GRAPH,3,150,3000,29,19.6,19.333333333333332,0.016817764962830446
Neu-mat,NO_GRAPH,3,200,3000,35,26.133333333333333,17.5,0.03824336389325345
Neu-mat,NO_GRAPH,3,250,3000,43,32.666666666666664,17.2,0.030044715404145595
Neu-mat,NO_GRAPH,4,50,3000,20,6.533333333333333,40.0,1.4512142766385202e-06
Neu-mat,NO_GRAPH,4,100,3000,36,13.066666666666666,36.0,2.3467354558221317e-09
Neu-mat,NO_GRAPH,4,150,3000,41,19.6,27.333333333333332,1.2851559601609218e-06
Neu-mat,NO_GRAPH,4,200,3000,48,26.133333333333333,24.0,8.960709965933857e-06
Neu-mat,NO_GRAPH,4,250,3000,54,32.666666666666664,21.6,6.202969508723468e-05
Neu-mat,MEAN_POOL,0,50,3000,13,6.533333333333333,26.0,0.009783999947824478
Neu-mat,MEAN_POOL,0,100,3000,15,13.066666666666666,15.0,0.32259088030990246
Neu-mat,MEAN_POOL,0,150,3000,17,19.6,11.333333333333334,0.7761328334828307
Neu-mat,MEAN_POOL,0,200,3000,22,26.133333333333333,11.0,0.8431008205071036
Neu-mat,MEAN_POOL,0,250,3000,23,32.666666666666664,9.2,0.9804931986207386
Neu-mat,MEAN_POOL,1,50,3000,16,6.533333333333333,32.0,0.000377927679369454
Neu-mat,MEAN_POOL,1,100,3000,21,13.066666666666666,21.0,0.01643614015767378
Neu-mat,MEAN_POOL,1,150,3000,24,19.6,16.0,0.16552764443679419
Neu-mat,MEAN_POOL,1,200,3000,29,26.133333333333333,14.5,0.2977637611252534
Neu-mat,MEAN_POOL,1,250,3000,33,32.666666666666664,13.2,0.5049727921394404
Neu-mat,MEAN_POOL,2,50,3000,12,6.533333333333333,24.0,0.024043949694659436
Neu-mat,MEAN_POOL,2,100,3000,15,13.066666666666666,15.0,0.32259088030990246
Neu-mat,MEAN_POOL,2,150,3000,16,19.6,10.666666666666666,0.8464523944358214
Neu-mat,MEAN_POOL,2,200,3000,19,26.133333333333333,9.5,0.9560043159430216
Neu-mat,MEAN_POOL,2,250,3000,21,32.666666666666664,8.4,0.993807018985665
Neu-mat,MEAN_POOL,3,50,3000,13,6.533333333333333,26.0,0.009783999947824478
Neu-mat,MEAN_POOL,3,100,3000,16,13.066666666666666,16.0,0.22646367688964836
Neu-mat,MEAN_POOL,3,150,3000,18,19.6,12.0,0.6919265171654099
Neu-mat,MEAN_POOL,3,200,3000,21,26.133333333333333,10.5,0.8919829277617863
Neu-mat,MEAN_POOL,3,250,3000,24,32.666666666666664,9.6,0.967804099423685
Neu-mat,MEAN_POOL,4,50,3000,12,6.533333333333333,24.0,0.024043949694659436
Neu-mat,MEAN_POOL,4,100,3000,15,13.066666666666666,15.0,0.32259088030990246
Neu-mat,MEAN_POOL,4,150,3000,16,19.6,10.666666666666666,0.8464523944358214
Neu-mat,MEAN_POOL,4,200,3000,20,26.133333333333333,10.0,0.9292204936063818
Neu-mat,MEAN_POOL,4,250,3000,24,32.666666666666664,9.6,0.967804099423685
Neu-mat,NO_FILTER,0,50,3000,10,6.05,20.0,0.07230589049632026
Neu-mat,NO_FILTER,0,100,3000,23,12.1,23.0,0.0013980777346625714
Neu-mat,NO_FILTER,0,150,3000,33,18.15,22.0,0.00032162661270605407
Neu-mat,NO_FILTER,0,200,3000,44,24.2,22.0,3.0726720353211404e-05
Neu-mat,NO_FILTER,0,250,3000,53,30.25,21.2,1.362800229935973e-05
Neu-mat,NO_FILTER,1,50,3000,11,6.05,22.0,0.0330436289783536
Neu-mat,NO_FILTER,1,100,3000,27,12.1,27.0,2.90043215454638e-05
Neu-mat,NO_FILTER,1,150,3000,38,18.15,25.333333333333332,3.515520175245364e-06
Neu-mat,NO_FILTER,1,200,3000,49,24.2,24.5,3.554311847411712e-07
Neu-mat,NO_FILTER,1,250,3000,58,30.25,23.2,2.0238846748448892e-07
Neu-mat,NO_FILTER,2,50,3000,8,6.05,16.0,0.2526435178260745
Neu-mat,NO_FILTER,2,100,3000,22,12.1,22.0,0.0032211189178894925
Neu-mat,NO_FILTER,2,150,3000,35,18.15,23.333333333333332,5.922206326490083e-05
Neu-mat,NO_FILTER,2,200,3000,40,24.2,20.0,0.0006256840044273217
Neu-mat,NO_FILTER,2,250,3000,47,30.25,18.8,0.0008955483065335514
Neu-mat,NO_FILTER,3,50,3000,4,6.05,8.0,0.8719758174068056
Neu-mat,NO_FILTER,3,100,3000,20,12.1,20.0,0.01445638799730127
Neu-mat,NO_FILTER,3,150,3000,32,18.15,21.333333333333332,0.0007068145055295966
Neu-mat,NO_FILTER,3,200,3000,47,24.2,23.5,2.3154336129307523e-06
Neu-mat,NO_FILTER,3,250,3000,56,30.25,22.4,1.177229062131065e-06
Neu-mat,NO_FILTER,4,50,3000,9,6.05,18.0,0.14255812500242446
Neu-mat,NO_FILTER,4,100,3000,25,12.1,25.0,0.00022377781814143446
Neu-mat,NO_FILTER,4,150,3000,40,18.15,26.666666666666668,4.445150592655658e-07
Neu-mat,NO_FILTER,4,200,3000,53,24.2,26.5,5.897759791682566e-09
Neu-mat,NO_FILTER,4,250,3000,63,30.25,25.2,1.6024773376670233e-09
Neu-mat,WILCOXON_FAIR,0,50,3000,15,6.533333333333333,30.0,0.001223878174129733
Neu-mat,WILCOXON_FAIR,0,100,3000,35,13.066666666666666,35.0,9.398010675570217e-09
Neu-mat,WILCOXON_FAIR,0,150,3000,48,19.6,32.0,4.673103554107656e-10
Neu-mat,WILCOXON_FAIR,0,200,3000,62,26.133333333333333,31.0,4.442535944345232e-12
Neu-mat,WILCOXON_FAIR,0,250,3000,75,32.666666666666664,30.0,1.0949264306153507e-13
Neu-mat,WILCOXON_FAIR,1,50,3000,15,6.533333333333333,30.0,0.001223878174129733
Neu-mat,WILCOXON_FAIR,1,100,3000,35,13.066666666666666,35.0,9.398010675570217e-09
Neu-mat,WILCOXON_FAIR,1,150,3000,48,19.6,32.0,4.673103554107656e-10
Neu-mat,WILCOXON_FAIR,1,200,3000,62,26.133333333333333,31.0,4.442535944345232e-12
Neu-mat,WILCOXON_FAIR,1,250,3000,75,32.666666666666664,30.0,1.0949264306153507e-13
Neu-mat,WILCOXON_FAIR,2,50,3000,15,6.533333333333333,30.0,0.001223878174129733
Neu-mat,WILCOXON_FAIR,2,100,3000,35,13.066666666666666,35.0,9.398010675570217e-09
Neu-mat,WILCOXON_FAIR,2,150,3000,48,19.6,32.0,4.673103554107656e-10
Neu-mat,WILCOXON_FAIR,2,200,3000,62,26.133333333333333,31.0,4.442535944345232e-12
Neu-mat,WILCOXON_FAIR,2,250,3000,75,32.666666666666664,30.0,1.0949264306153507e-13
Neu-mat,WILCOXON_FAIR,3,50,3000,15,6.533333333333333,30.0,0.001223878174129733
Neu-mat,WILCOXON_FAIR,3,100,3000,35,13.066666666666666,35.0,9.398010675570217e-09
Neu-mat,WILCOXON_FAIR,3,150,3000,48,19.6,32.0,4.673103554107656e-10
Neu-mat,WILCOXON_FAIR,3,200,3000,62,26.133333333333333,31.0,4.442535944345232e-12
Neu-mat,WILCOXON_FAIR,3,250,3000,75,32.666666666666664,30.0,1.0949264306153507e-13
Neu-mat,WILCOXON_FAIR,4,50,3000,15,6.533333333333333,30.0,0.001223878174129733
Neu-mat,WILCOXON_FAIR,4,100,3000,35,13.066666666666666,35.0,9.398010675570217e-09
Neu-mat,WILCOXON_FAIR,4,150,3000,48,19.6,32.0,4.673103554107656e-10
Neu-mat,WILCOXON_FAIR,4,200,3000,62,26.133333333333333,31.0,4.442535944345232e-12
Neu-mat,WILCOXON_FAIR,4,250,3000,75,32.666666666666664,30.0,1.0949264306153507e-13
OPC,CELLS_AS_NODES,0,50,3000,6,6.2,12.0,0.5997962419093268
OPC,CELLS_AS_NODES,0,100,3000,9,12.4,9.0,0.889689699408736
OPC,CELLS_AS_NODES,0,150,3000,20,18.6,13.333333333333334,0.39904307095981767
OPC,CELLS_AS_NODES,0,200,3000,27,24.8,13.5,0.3453005984836323
OPC,CELLS_AS_NODES,0,250,3000,38,31.0,15.2,0.09848270298265613
OPC,CELLS_AS_NODES,1,50,3000,6,6.2,12.0,0.5997962419093268
OPC,CELLS_AS_NODES,1,100,3000,15,12.4,15.0,0.2517462713261311
OPC,CELLS_AS_NODES,1,150,3000,23,18.6,15.333333333333334,0.1603669111870985
OPC,CELLS_AS_NODES,1,200,3000,29,24.8,14.5,0.20332797321098692
OPC,CELLS_AS_NODES,1,250,3000,37,31.0,14.8,0.1359059402375604
OPC,CELLS_AS_NODES,2,50,3000,10,6.2,20.0,0.08252311357703562
OPC,CELLS_AS_NODES,2,100,3000,14,12.4,14.0,0.35525407822792726
OPC,CELLS_AS_NODES,2,150,3000,24,18.6,16.0,0.10884278158915331
OPC,CELLS_AS_NODES,2,200,3000,30,24.8,15.0,0.14854957928425375
OPC,CELLS_AS_NODES,2,250,3000,34,31.0,13.6,0.3027175645701752
OPC,CELLS_AS_NODES,3,50,3000,6,6.2,12.0,0.5997962419093268
OPC,CELLS_AS_NODES,3,100,3000,14,12.4,14.0,0.35525407822792726
OPC,CELLS_AS_NODES,3,150,3000,20,18.6,13.333333333333334,0.39904307095981767
OPC,CELLS_AS_NODES,3,200,3000,31,24.8,15.5,0.1049786932117736
OPC,CELLS_AS_NODES,3,250,3000,42,31.0,16.8,0.020518008139669017
OPC,CELLS_AS_NODES,4,50,3000,8,6.2,16.0,0.27483793917022503
OPC,CELLS_AS_NODES,4,100,3000,20,12.4,20.0,0.0185902651354392
OPC,CELLS_AS_NODES,4,150,3000,26,18.6,17.333333333333332,0.04416190400213774
OPC,CELLS_AS_NODES,4,200,3000,34,24.8,17.0,0.030308271984140305
OPC,CELLS_AS_NODES,4,250,3000,40,31.0,16.0,0.04754788463200011
OPC,FULL,0,50,3000,7,6.2,14.0,0.4278578668672482
OPC,FULL,0,100,3000,11,12.4,11.0,0.7128379393230051
OPC,FULL,0,150,3000,14,18.6,9.333333333333334,0.9066290028195383
OPC,FULL,0,200,3000,34,24.8,17.0,0.030308271984140305
OPC,FULL,0,250,3000,42,31.0,16.8,0.020518008139669017
OPC,FULL,1,50,3000,2,6.2,4.0,0.9896662659353719
OPC,FULL,1,100,3000,6,12.4,6.0,0.9895458854404359
OPC,FULL,1,150,3000,11,18.6,7.333333333333333,0.9853344983572946
OPC,FULL,1,200,3000,27,24.8,13.5,0.3453005984836323
OPC,FULL,1,250,3000,45,31.0,18.0,0.004716630858058848
OPC,FULL,2,50,3000,5,6.2,10.0,0.7612090524847059
OPC,FULL,2,100,3000,9,12.4,9.0,0.889689699408736
OPC,FULL,2,150,3000,9,18.6,6.0,0.9973572147053509
OPC,FULL,2,200,3000,24,24.8,12.0,0.6049459201821374
OPC,FULL,2,250,3000,41,31.0,16.4,0.03167569994983562
OPC,FULL,3,50,3000,4,6.2,8.0,0.8843568814415244
OPC,FULL,3,100,3000,8,12.4,8.0,0.942081733298094
OPC,FULL,3,150,3000,13,18.6,8.666666666666666,0.9452105668287523
OPC,FULL,3,200,3000,23,24.8,11.5,0.6888138090633182
OPC,FULL,3,250,3000,29,31.0,11.6,0.6861765567453593
OPC,FULL,4,50,3000,4,6.2,8.0,0.8843568814415244
OPC,FULL,4,100,3000,7,12.4,7.0,0.9733950219576106
OPC,FULL,4,150,3000,13,18.6,8.666666666666666,0.9452105668287523
OPC,FULL,4,200,3000,29,24.8,14.5,0.20332797321098692
OPC,FULL,4,250,3000,46,31.0,18.4,0.0027336771347855875
OPC,NO_GRAPH,0,50,3000,7,6.2,14.0,0.4278578668672482
OPC,NO_GRAPH,0,100,3000,9,12.4,9.0,0.889689699408736
OPC,NO_GRAPH,0,150,3000,11,18.6,7.333333333333333,0.9853344983572946
OPC,NO_GRAPH,0,200,3000,26,24.8,13.0,0.42898348822790283
OPC,NO_GRAPH,0,250,3000,36,31.0,14.4,0.18241174471174781
OPC,NO_GRAPH,1,50,3000,7,6.2,14.0,0.4278578668672482
OPC,NO_GRAPH,1,100,3000,9,12.4,9.0,0.889689699408736
OPC,NO_GRAPH,1,150,3000,11,18.6,7.333333333333333,0.9853344983572946
OPC,NO_GRAPH,1,200,3000,27,24.8,13.5,0.3453005984836323
OPC,NO_GRAPH,1,250,3000,35,31.0,14.0,0.23819175205457807
OPC,NO_GRAPH,2,50,3000,7,6.2,14.0,0.4278578668672482
OPC,NO_GRAPH,2,100,3000,9,12.4,9.0,0.889689699408736
OPC,NO_GRAPH,2,150,3000,11,18.6,7.333333333333333,0.9853344983572946
OPC,NO_GRAPH,2,200,3000,22,24.8,11.0,0.764702805851421
OPC,NO_GRAPH,2,250,3000,32,31.0,12.8,0.4518666825448266
OPC,NO_GRAPH,3,50,3000,7,6.2,14.0,0.4278578668672482
OPC,NO_GRAPH,3,100,3000,10,12.4,10.0,0.8128489675343957
OPC,NO_GRAPH,3,150,3000,12,18.6,8.0,0.9703592541739693
OPC,NO_GRAPH,3,200,3000,28,24.8,14.0,0.2692947948453419
OPC,NO_GRAPH,3,250,3000,36,31.0,14.4,0.18241174471174781
OPC,NO_GRAPH,4,50,3000,7,6.2,14.0,0.4278578668672482
OPC,NO_GRAPH,4,100,3000,11,12.4,11.0,0.7128379393230051
OPC,NO_GRAPH,4,150,3000,12,18.6,8.0,0.9703592541739693
OPC,NO_GRAPH,4,200,3000,25,24.8,12.5,0.5169094346625407
OPC,NO_GRAPH,4,250,3000,35,31.0,14.0,0.23819175205457807
OPC,MEAN_POOL,0,50,3000,11,6.2,22.0,0.038687332374575736
OPC,MEAN_POOL,0,100,3000,16,12.4,16.0,0.16820194418253434
OPC,MEAN_POOL,0,150,3000,22,18.6,14.666666666666666,0.22652366357242415
OPC,MEAN_POOL,0,200,3000,27,24.8,13.5,0.3453005984836323
OPC,MEAN_POOL,0,250,3000,31,31.0,12.4,0.531606371464352
OPC,MEAN_POOL,1,50,3000,8,6.2,16.0,0.27483793917022503
OPC,MEAN_POOL,1,100,3000,10,12.4,10.0,0.8128489675343957
OPC,MEAN_POOL,1,150,3000,17,18.6,11.333333333333334,0.695894860117794
OPC,MEAN_POOL,1,200,3000,19,24.8,9.5,0.9231451300964877
OPC,MEAN_POOL,1,250,3000,21,31.0,8.4,0.9857950511099306
OPC,MEAN_POOL,2,50,3000,9,6.2,18.0,0.15874901007099945
OPC,MEAN_POOL,2,100,3000,10,12.4,10.0,0.8128489675343957
OPC,MEAN_POOL,2,150,3000,16,18.6,10.666666666666666,0.7814237275784768
OPC,MEAN_POOL,2,200,3000,21,24.8,10.5,0.8298067694172698
OPC,MEAN_POOL,2,250,3000,23,31.0,9.2,0.9599898163941405
OPC,MEAN_POOL,3,50,3000,7,6.2,14.0,0.4278578668672482
OPC,MEAN_POOL,3,100,3000,10,12.4,10.0,0.8128489675343957
OPC,MEAN_POOL,3,150,3000,15,18.6,10.0,0.8522390388587158
OPC,MEAN_POOL,3,200,3000,18,24.8,9.0,0.9523665550410112
OPC,MEAN_POOL,3,250,3000,20,31.0,8.0,0.9921613207614659
OPC,MEAN_POOL,4,50,3000,6,6.2,12.0,0.5997962419093268
OPC,MEAN_POOL,4,100,3000,10,12.4,10.0,0.8128489675343957
OPC,MEAN_POOL,4,150,3000,16,18.6,10.666666666666666,0.7814237275784768
OPC,MEAN_POOL,4,200,3000,18,24.8,9.0,0.9523665550410112
OPC,MEAN_POOL,4,250,3000,21,31.0,8.4,0.9857950511099306
OPC,NO_FILTER,0,50,3000,9,5.866666666666666,18.0,0.12404280328708467
OPC,NO_FILTER,0,100,3000,15,11.733333333333333,15.0,0.18825522567760372
OPC,NO_FILTER,0,150,3000,16,17.6,10.666666666666666,0.7002182297410071
OPC,NO_FILTER,0,200,3000,30,23.466666666666665,15.0,0.08795978092512001
OPC,NO_FILTER,0,250,3000,41,29.333333333333332,16.4,0.013420642499229508
OPC,NO_FILTER,1,50,3000,3,5.866666666666666,6.0,0.9443387085261619
OPC,NO_FILTER,1,100,3000,7,11.733333333333333,7.0,0.9591449908170969
OPC,NO_FILTER,1,150,3000,11,17.6,7.333333333333333,0.9738232763124224
OPC,NO_FILTER,1,200,3000,22,23.466666666666665,11.0,0.6651914354489739
OPC,NO_FILTER,1,250,3000,38,29.333333333333332,15.2,0.050275177775088956
OPC,NO_FILTER,2,50,3000,6,5.866666666666666,12.0,0.5426969979453868
OPC,NO_FILTER,2,100,3000,10,11.733333333333333,10.0,0.7537542341414325
OPC,NO_FILTER,2,150,3000,10,17.6,6.666666666666667,0.9875786096063208
OPC,NO_FILTER,2,200,3000,18,23.466666666666665,9.0,0.9165675345502311
OPC,NO_FILTER,2,250,3000,32,29.333333333333332,12.8,0.32201150427698993
OPC,NO_FILTER,3,50,3000,8,5.866666666666666,16.0,0.22643840546831698
OPC,NO_FILTER,3,100,3000,11,11.733333333333333,11.0,0.6393459320843834
OPC,NO_FILTER,3,150,3000,17,17.6,11.333333333333334,0.6018993475637007
OPC,NO_FILTER,3,200,3000,23,23.466666666666665,11.5,0.5775131698316878
OPC,NO_FILTER,3,250,3000,30,29.333333333333332,12.0,0.4776405573702679
OPC,NO_FILTER,4,50,3000,6,5.866666666666666,12.0,0.5426969979453868
OPC,NO_FILTER,4,100,3000,9,11.733333333333333,9.0,0.8475153069834954
OPC,NO_FILTER,4,150,3000,11,17.6,7.333333333333333,0.9738232763124224
OPC,NO_FILTER,4,200,3000,25,23.466666666666665,12.5,0.39794519917200605
OPC,NO_FILTER,4,250,3000,39,29.333333333333332,15.6,0.03332843246921422
OPC,WILCOXON_FAIR,0,50,3000,5,6.2,10.0,0.7612090524847059
OPC,WILCOXON_FAIR,0,100,3000,13,12.4,13.0,0.473194584488009
OPC,WILCOXON_FAIR,0,150,3000,26,18.6,17.333333333333332,0.04416190400213774
OPC,WILCOXON_FAIR,0,200,3000,31,24.8,15.5,0.1049786932117736
OPC,WILCOXON_FAIR,0,250,3000,34,31.0,13.6,0.3027175645701752
OPC,WILCOXON_FAIR,1,50,3000,5,6.2,10.0,0.7612090524847059
OPC,WILCOXON_FAIR,1,100,3000,13,12.4,13.0,0.473194584488009
OPC,WILCOXON_FAIR,1,150,3000,26,18.6,17.333333333333332,0.04416190400213774
OPC,WILCOXON_FAIR,1,200,3000,31,24.8,15.5,0.1049786932117736
OPC,WILCOXON_FAIR,1,250,3000,34,31.0,13.6,0.3027175645701752
OPC,WILCOXON_FAIR,2,50,3000,5,6.2,10.0,0.7612090524847059
OPC,WILCOXON_FAIR,2,100,3000,13,12.4,13.0,0.473194584488009
OPC,WILCOXON_FAIR,2,150,3000,26,18.6,17.333333333333332,0.04416190400213774
OPC,WILCOXON_FAIR,2,200,3000,31,24.8,15.5,0.1049786932117736
OPC,WILCOXON_FAIR,2,250,3000,34,31.0,13.6,0.3027175645701752
OPC,WILCOXON_FAIR,3,50,3000,5,6.2,10.0,0.7612090524847059
OPC,WILCOXON_FAIR,3,100,3000,13,12.4,13.0,0.473194584488009
OPC,WILCOXON_FAIR,3,150,3000,26,18.6,17.333333333333332,0.04416190400213774
OPC,WILCOXON_FAIR,3,200,3000,31,24.8,15.5,0.1049786932117736
OPC,WILCOXON_FAIR,3,250,3000,34,31.0,13.6,0.3027175645701752
OPC,WILCOXON_FAIR,4,50,3000,5,6.2,10.0,0.7612090524847059
OPC,WILCOXON_FAIR,4,100,3000,13,12.4,13.0,0.473194584488009
OPC,WILCOXON_FAIR,4,150,3000,26,18.6,17.333333333333332,0.04416190400213774
OPC,WILCOXON_FAIR,4,200,3000,31,24.8,15.5,0.1049786932117736
OPC,WILCOXON_FAIR,4,250,3000,34,31.0,13.6,0.3027175645701752
Oligodendrocytes,CELLS_AS_NODES,0,50,3000,5,7.483333333333333,10.0,0.8887102118651353
Oligodendrocytes,CELLS_AS_NODES,0,100,3000,13,14.966666666666667,13.0,0.7539755596364406
Oligodendrocytes,CELLS_AS_NODES,0,150,3000,17,22.45,11.333333333333334,0.922974371211394
Oligodendrocytes,CELLS_AS_NODES,0,200,3000,25,29.933333333333334,12.5,0.8688464044450095
Oligodendrocytes,CELLS_AS_NODES,0,250,3000,33,37.416666666666664,13.2,0.8179376924413466
Oligodendrocytes,CELLS_AS_NODES,1,50,3000,4,7.483333333333333,8.0,0.954648705611334
Oligodendrocytes,CELLS_AS_NODES,1,100,3000,14,14.966666666666667,14.0,0.6523349013811864
Oligodendrocytes,CELLS_AS_NODES,1,150,3000,23,22.45,15.333333333333334,0.48541943440368684
Oligodendrocytes,CELLS_AS_NODES,1,200,3000,26,29.933333333333334,13.0,0.8176023513801353
Oligodendrocytes,CELLS_AS_NODES,1,250,3000,32,37.416666666666664,12.8,0.8643330555899755
Oligodendrocytes,CELLS_AS_NODES,2,50,3000,3,7.483333333333333,6.0,0.986167821503754
Oligodendrocytes,CELLS_AS_NODES,2,100,3000,7,14.966666666666667,7.0,0.9956897866341455
Oligodendrocytes,CELLS_AS_NODES,2,150,3000,16,22.45,10.666666666666666,0.9536917764281545
Oligodendrocytes,CELLS_AS_NODES,2,200,3000,24,29.933333333333334,12.0,0.9095402112906451
Oligodendrocytes,CELLS_AS_NODES,2,250,3000,32,37.416666666666664,12.8,0.8643330555899755
Oligodendrocytes,CELLS_AS_NODES,3,50,3000,4,7.483333333333333,8.0,0.954648705611334
Oligodendrocytes,CELLS_AS_NODES,3,100,3000,11,14.966666666666667,11.0,0.9028275772678531
Oligodendrocytes,CELLS_AS_NODES,3,150,3000,20,22.45,13.333333333333334,0.7516110068503035
Oligodendrocytes,CELLS_AS_NODES,3,200,3000,25,29.933333333333334,12.5,0.8688464044450095
Oligodendrocytes,CELLS_AS_NODES,3,250,3000,29,37.416666666666664,11.6,0.9542000130639758
Oligodendrocytes,CELLS_AS_NODES,4,50,3000,3,7.483333333333333,6.0,0.986167821503754
Oligodendrocytes,CELLS_AS_NODES,4,100,3000,12,14.966666666666667,12.0,0.8386373436293748
Oligodendrocytes,CELLS_AS_NODES,4,150,3000,19,22.45,12.666666666666666,0.8224025293033701
Oligodendrocytes,CELLS_AS_NODES,4,200,3000,22,29.933333333333334,11.0,0.9624020434438117
Oligodendrocytes,CELLS_AS_NODES,4,250,3000,29,37.416666666666664,11.6,0.9542000130639758
Oligodendrocytes,FULL,0,50,3000,3,7.483333333333333,6.0,0.986167821503754
Oligodendrocytes,FULL,0,100,3000,6,14.966666666666667,6.0,0.9986079059256007
Oligodendrocytes,FULL,0,150,3000,9,22.45,6.0,0.9998577042974581
Oligodendrocytes,FULL,0,200,3000,24,29.933333333333334,12.0,0.9095402112906451
Oligodendrocytes,FULL,0,250,3000,30,37.416666666666664,12.0,0.9318439977109148
Oligodendrocytes,FULL,1,50,3000,3,7.483333333333333,6.0,0.986167821503754
Oligodendrocytes,FULL,1,100,3000,7,14.966666666666667,7.0,0.9956897866341455
Oligodendrocytes,FULL,1,150,3000,8,22.45,5.333333333333333,0.9999588065947512
Oligodendrocytes,FULL,1,200,3000,21,29.933333333333334,10.5,0.9774613370931634
Oligodendrocytes,FULL,1,250,3000,30,37.416666666666664,12.0,0.9318439977109148
Oligodendrocytes,FULL,2,50,3000,3,7.483333333333333,6.0,0.986167821503754
Oligodendrocytes,FULL,2,100,3000,6,14.966666666666667,6.0,0.9986079059256007
Oligodendrocytes,FULL,2,150,3000,9,22.45,6.0,0.9998577042974581
Oligodendrocytes,FULL,2,200,3000,18,29.933333333333334,9.0,0.9964918688584584
Oligodendrocytes,FULL,2,250,3000,26,37.416666666666664,10.4,0.9889927085568296
Oligodendrocytes,FULL,3,50,3000,4,7.483333333333333,8.0,0.954648705611334
Oligodendrocytes,FULL,3,100,3000,6,14.966666666666667,6.0,0.9986079059256007
Oligodendrocytes,FULL,3,150,3000,9,22.45,6.0,0.9998577042974581
Oligodendrocytes,FULL,3,200,3000,17,29.933333333333334,8.5,0.9983245179729112
Oligodendrocytes,FULL,3,250,3000,24,37.416666666666664,9.6,0.9965573817273832
Oligodendrocytes,FULL,4,50,3000,4,7.483333333333333,8.0,0.954648705611334
Oligodendrocytes,FULL,4,100,3000,6,14.966666666666667,6.0,0.9986079059256007
Oligodendrocytes,FULL,4,150,3000,9,22.45,6.0,0.9998577042974581
Oligodendrocytes,FULL,4,200,3000,19,29.933333333333334,9.5,0.9930942348733689
Oligodendrocytes,FULL,4,250,3000,31,37.416666666666664,12.4,0.9021702476026474
Oligodendrocytes,NO_GRAPH,0,50,3000,3,7.483333333333333,6.0,0.986167821503754
Oligodendrocytes,NO_GRAPH,0,100,3000,6,14.966666666666667,6.0,0.9986079059256007
Oligodendrocytes,NO_GRAPH,0,150,3000,9,22.45,6.0,0.9998577042974581
Oligodendrocytes,NO_GRAPH,0,200,3000,25,29.933333333333334,12.5,0.8688464044450095
Oligodendrocytes,NO_GRAPH,0,250,3000,34,37.416666666666664,13.6,0.7631790925297728
Oligodendrocytes,NO_GRAPH,1,50,3000,3,7.483333333333333,6.0,0.986167821503754
Oligodendrocytes,NO_GRAPH,1,100,3000,6,14.966666666666667,6.0,0.9986079059256007
Oligodendrocytes,NO_GRAPH,1,150,3000,9,22.45,6.0,0.9998577042974581
Oligodendrocytes,NO_GRAPH,1,200,3000,17,29.933333333333334,8.5,0.9983245179729112
Oligodendrocytes,NO_GRAPH,1,250,3000,26,37.416666666666664,10.4,0.9889927085568296
Oligodendrocytes,NO_GRAPH,2,50,3000,3,7.483333333333333,6.0,0.986167821503754
Oligodendrocytes,NO_GRAPH,2,100,3000,6,14.966666666666667,6.0,0.9986079059256007
Oligodendrocytes,NO_GRAPH,2,150,3000,8,22.45,5.333333333333333,0.9999588065947512
Oligodendrocytes,NO_GRAPH,2,200,3000,18,29.933333333333334,9.0,0.9964918688584584
Oligodendrocytes,NO_GRAPH,2,250,3000,24,37.416666666666664,9.6,0.9965573817273832
Oligodendrocytes,NO_GRAPH,3,50,3000,3,7.483333333333333,6.0,0.986167821503754
Oligodendrocytes,NO_GRAPH,3,100,3000,6,14.966666666666667,6.0,0.9986079059256007
Oligodendrocytes,NO_GRAPH,3,150,3000,8,22.45,5.333333333333333,0.9999588065947512
Oligodendrocytes,NO_GRAPH,3,200,3000,20,29.933333333333334,10.0,0.9871755760890388
Oligodendrocytes,NO_GRAPH,3,250,3000,30,37.416666666666664,12.0,0.9318439977109148
Oligodendrocytes,NO_GRAPH,4,50,3000,3,7.483333333333333,6.0,0.986167821503754
Oligodendrocytes,NO_GRAPH,4,100,3000,6,14.966666666666667,6.0,0.9986079059256007
Oligodendrocytes,NO_GRAPH,4,150,3000,8,22.45,5.333333333333333,0.9999588065947512
Oligodendrocytes,NO_GRAPH,4,200,3000,16,29.933333333333334,8.0,0.9992505035481625
Oligodendrocytes,NO_GRAPH,4,250,3000,22,37.416666666666664,8.8,0.9991072392580679
Oligodendrocytes,MEAN_POOL,0,50,3000,6,7.483333333333333,12.0,0.7809878681313218
Oligodendrocytes,MEAN_POOL,0,100,3000,9,14.966666666666667,9.0,0.9738698948675111
Oligodendrocytes,MEAN_POOL,0,150,3000,13,22.45,8.666666666666666,0.9934165228548667
Oligodendrocytes,MEAN_POOL,0,200,3000,19,29.933333333333334,9.5,0.9930942348733689
Oligodendrocytes,MEAN_POOL,0,250,3000,26,37.416666666666664,10.4,0.9889927085568296
Oligodendrocytes,MEAN_POOL,1,50,3000,5,7.483333333333333,10.0,0.8887102118651353
Oligodendrocytes,MEAN_POOL,1,100,3000,9,14.966666666666667,9.0,0.9738698948675111
Oligodendrocytes,MEAN_POOL,1,150,3000,11,22.45,7.333333333333333,0.9988146990889605
Oligodendrocytes,MEAN_POOL,1,200,3000,16,29.933333333333334,8.0,0.9992505035481625
Oligodendrocytes,MEAN_POOL,1,250,3000,23,37.416666666666664,9.2,0.9982034743070696
Oligodendrocytes,MEAN_POOL,2,50,3000,3,7.483333333333333,6.0,0.986167821503754
Oligodendrocytes,MEAN_POOL,2,100,3000,6,14.966666666666667,6.0,0.9986079059256007
Oligodendrocytes,MEAN_POOL,2,150,3000,9,22.45,6.0,0.9998577042974581
Oligodendrocytes,MEAN_POOL,2,200,3000,17,29.933333333333334,8.5,0.9983245179729112
Oligodendrocytes,MEAN_POOL,2,250,3000,26,37.416666666666664,10.4,0.9889927085568296
Oligodendrocytes,MEAN_POOL,3,50,3000,5,7.483333333333333,10.0,0.8887102118651353
Oligodendrocytes,MEAN_POOL,3,100,3000,6,14.966666666666667,6.0,0.9986079059256007
Oligodendrocytes,MEAN_POOL,3,150,3000,11,22.45,7.333333333333333,0.9988146990889605
Oligodendrocytes,MEAN_POOL,3,200,3000,20,29.933333333333334,10.0,0.9871755760890388
Oligodendrocytes,MEAN_POOL,3,250,3000,24,37.416666666666664,9.6,0.9965573817273832
Oligodendrocytes,MEAN_POOL,4,50,3000,3,7.483333333333333,6.0,0.986167821503754
Oligodendrocytes,MEAN_POOL,4,100,3000,5,14.966666666666667,5.0,0.9996277948443923
Oligodendrocytes,MEAN_POOL,4,150,3000,9,22.45,6.0,0.9998577042974581
Oligodendrocytes,MEAN_POOL,4,200,3000,13,29.933333333333334,6.5,0.9999566711719331
Oligodendrocytes,MEAN_POOL,4,250,3000,21,37.416666666666664,8.4,0.9995784857542697
Oligodendrocytes,NO_FILTER,0,50,3000,3,7.033333333333333,6.0,0.9793096321975591
Oligodendrocytes,NO_FILTER,0,100,3000,6,14.066666666666666,6.0,0.9971023790269513
Oligodendrocytes,NO_FILTER,0,150,3000,9,21.1,6.0,0.9995863477091161
Oligodendrocytes,NO_FILTER,0,200,3000,21,28.133333333333333,10.5,0.9503076290595455
Oligodendrocytes,NO_FILTER,0,250,3000,29,35.166666666666664,11.6,0.8997129161934493
Oligodendrocytes,NO_FILTER,1,50,3000,3,7.033333333333333,6.0,0.9793096321975591
Oligodendrocytes,NO_FILTER,1,100,3000,6,14.066666666666666,6.0,0.9971023790269513
Oligodendrocytes,NO_FILTER,1,150,3000,9,21.1,6.0,0.9995863477091161
Oligodendrocytes,NO_FILTER,1,200,3000,22,28.133333333333333,11.0,0.9223152854783048
Oligodendrocytes,NO_FILTER,1,250,3000,30,35.166666666666664,12.0,0.8600352446446359
Oligodendrocytes,NO_FILTER,2,50,3000,3,7.033333333333333,6.0,0.9793096321975591
Oligodendrocytes,NO_FILTER,2,100,3000,5,14.066666666666666,5.0,0.9991715946225821
Oligodendrocytes,NO_FILTER,2,150,3000,9,21.1,6.0,0.9995863477091161
Oligodendrocytes,NO_FILTER,2,200,3000,19,28.133333333333333,9.5,0.982610691795754
Oligodendrocytes,NO_FILTER,2,250,3000,28,35.166666666666664,11.2,0.9307195458565953
Oligodendrocytes,NO_FILTER,3,50,3000,4,7.033333333333333,8.0,0.9362130923779015
Oligodendrocytes,NO_FILTER,3,100,3000,7,14.066666666666666,7.0,0.9916023806492732
Oligodendrocytes,NO_FILTER,3,150,3000,10,21.1,6.666666666666667,0.9988215423941827
Oligodendrocytes,NO_FILTER,3,200,3000,16,28.133333333333333,8.0,0.9976834388203739
Oligodendrocytes,NO_FILTER,3,250,3000,26,35.166666666666664,10.4,0.9705863343063139
Oligodendrocytes,NO_FILTER,4,50,3000,3,7.033333333333333,6.0,0.9793096321975591
Oligodendrocytes,NO_FILTER,4,100,3000,6,14.066666666666666,6.0,0.9971023790269513
Oligodendrocytes,NO_FILTER,4,150,3000,9,21.1,6.0,0.9995863477091161
Oligodendrocytes,NO_FILTER,4,200,3000,20,28.133333333333333,10.0,0.9697966599782759
Oligodendrocytes,NO_FILTER,4,250,3000,31,35.166666666666664,12.4,0.811319881243037
Oligodendrocytes,WILCOXON_FAIR,0,50,3000,6,7.483333333333333,12.0,0.7809878681313218
Oligodendrocytes,WILCOXON_FAIR,0,100,3000,11,14.966666666666667,11.0,0.9028275772678531
Oligodendrocytes,WILCOXON_FAIR,0,150,3000,17,22.45,11.333333333333334,0.922974371211394
Oligodendrocytes,WILCOXON_FAIR,0,200,3000,24,29.933333333333334,12.0,0.9095402112906451
Oligodendrocytes,WILCOXON_FAIR,0,250,3000,33,37.416666666666664,13.2,0.8179376924413466
Oligodendrocytes,WILCOXON_FAIR,1,50,3000,6,7.483333333333333,12.0,0.7809878681313218
Oligodendrocytes,WILCOXON_FAIR,1,100,3000,11,14.966666666666667,11.0,0.9028275772678531
Oligodendrocytes,WILCOXON_FAIR,1,150,3000,17,22.45,11.333333333333334,0.922974371211394
Oligodendrocytes,WILCOXON_FAIR,1,200,3000,24,29.933333333333334,12.0,0.9095402112906451
Oligodendrocytes,WILCOXON_FAIR,1,250,3000,33,37.416666666666664,13.2,0.8179376924413466
Oligodendrocytes,WILCOXON_FAIR,2,50,3000,6,7.483333333333333,12.0,0.7809878681313218
Oligodendrocytes,WILCOXON_FAIR,2,100,3000,11,14.966666666666667,11.0,0.9028275772678531
Oligodendrocytes,WILCOXON_FAIR,2,150,3000,17,22.45,11.333333333333334,0.922974371211394
Oligodendrocytes,WILCOXON_FAIR,2,200,3000,24,29.933333333333334,12.0,0.9095402112906451
Oligodendrocytes,WILCOXON_FAIR,2,250,3000,33,37.416666666666664,13.2,0.8179376924413466
Oligodendrocytes,WILCOXON_FAIR,3,50,3000,6,7.483333333333333,12.0,0.7809878681313218
Oligodendrocytes,WILCOXON_FAIR,3,100,3000,11,14.966666666666667,11.0,0.9028275772678531
Oligodendrocytes,WILCOXON_FAIR,3,150,3000,17,22.45,11.333333333333334,0.922974371211394
Oligodendrocytes,WILCOXON_FAIR,3,200,3000,24,29.933333333333334,12.0,0.9095402112906451
Oligodendrocytes,WILCOXON_FAIR,3,250,3000,33,37.416666666666664,13.2,0.8179376924413466
Oligodendrocytes,WILCOXON_FAIR,4,50,3000,6,7.483333333333333,12.0,0.7809878681313218
Oligodendrocytes,WILCOXON_FAIR,4,100,3000,11,14.966666666666667,11.0,0.9028275772678531
Oligodendrocytes,WILCOXON_FAIR,4,150,3000,17,22.45,11.333333333333334,0.922974371211394
Oligodendrocytes,WILCOXON_FAIR,4,200,3000,24,29.933333333333334,12.0,0.9095402112906451
Oligodendrocytes,WILCOXON_FAIR,4,250,3000,33,37.416666666666664,13.2,0.8179376924413466
